customer_id,tenure_months,monthly_charges,total_charges,contract_type,internet_service,payment_method,support_tickets,tech_support,online_security,senior_citizen,partner,paperless_billing,churn
C3618,17,39.86,695.09,Month-to-month,DSL,Bank transfer,2,Yes,No,0,Yes,Yes,No
C1021,64,59.28,3803.01,One year,Fiber optic,Bank transfer,3,No,Yes,0,No,No,No
C1371,29,55.29,1604.47,Two year,No,Mailed check,0,No,No,0,No,Yes,No
C2606,55,80.51,4422.63,Month-to-month,DSL,Credit card,2,No,No,0,No,Yes,Yes
C2781,38,51.73,1997.42,Month-to-month,Fiber optic,Electronic check,1,No,No,0,No,Yes,Yes
C1154,28,51.02,1366.25,Month-to-month,Fiber optic,Electronic check,0,No,No,0,Yes,Yes,Yes
C2652,41,110.18,4589.72,One year,DSL,Bank transfer,1,No,No,1,No,Yes,No
C3503,54,60.07,3192.75,Month-to-month,Fiber optic,Mailed check,1,Yes,Yes,0,Yes,Yes,No
C1563,40,73.05,,Month-to-month,DSL,Electronic check,2,No,No,0,No,No,No
C1422,56,84.77,4752.37,Month-to-month,DSL,Bank transfer,3,Yes,Yes,0,No,Yes,Yes
C3187,70,36.43,2539.43,One year,DSL,Credit card,1,Yes,Yes,0,Yes,Yes,No
C1997,33,40.11,1412.24,Month-to-month,No,Mailed check,3,No,No,0,Yes,Yes,No
C1070,15,87.4,1388.25,One year,Fiber optic,Bank transfer,1,No,No,0,No,Yes,No
C2043,12,57.63,741.0,One year,Fiber optic,Credit card,3,No,No,0,Yes,Yes,Yes
C1317,68,92.6,6335.67,Two year,Fiber optic,Mailed check,2,Yes,No,0,Yes,No,No
C1617,33,50.03,1676.5,One year,No,Electronic check,1,No,No,0,No,No,Yes
C3317,64,39.5,2553.0,Month-to-month,No,Mailed check,1,Yes,No,0,Yes,Yes,No
C3760,51,68.59,3533.05,Month-to-month,No,Credit card,2,No,No,1,Yes,Yes,Yes
C2394,57,86.42,,Month-to-month,Fiber optic,Bank transfer,2,No,No,0,No,No,Yes
C2579,5,66.82,310.61,Month-to-month,DSL,Electronic check,0,No,No,0,No,Yes,Yes
C2107,21,31.44,598.62,Month-to-month,No,Electronic check,1,Yes,No,0,No,No,No
C2390,70,58.48,4003.67,Month-to-month,No,Mailed check,0,No,Yes,0,No,No,No
C1414,44,64.07,2870.68,Month-to-month,Fiber optic,Credit card,0,No,No,1,No,Yes,No
C3165,50,82.33,4106.3,Two year,Fiber optic,Mailed check,1,Yes,No,0,Yes,Yes,No
C2203,50,87.26,4371.0,Month-to-month,Fiber optic,Credit card,0,Yes,No,0,Yes,No,Yes
C3892,31,83.07,2589.2,Month-to-month,Fiber optic,Mailed check,1,Yes,No,1,Yes,No,Yes
C2833,65,59.26,3843.06,Two year,DSL,Electronic check,2,No,Yes,0,No,Yes,Yes
C1867,56,63.72,3566.34,One year,Fiber optic,Electronic check,2,Yes,No,0,No,No,No
C2582,50,86.86,4397.46,Month-to-month,Fiber optic,Credit card,0,No,No,0,No,Yes,No
C1557,60,47.51,2940.17,Month-to-month,No,Mailed check,1,Yes,No,0,No,Yes,No
C2532,10,92.71,968.83,Month-to-month,Fiber optic,Bank transfer,1,No,No,0,No,No,Yes
C3310,3,72.8,158.04,Month-to-month,Fiber optic,Bank transfer,1,No,No,0,No,Yes,No
C1781,46,61.4,2809.12,Month-to-month,No,Credit card,1,Yes,No,0,Yes,Yes,No
C3381,7,28.9,172.09,Month-to-month,Fiber optic,Bank transfer,2,No,Yes,0,No,Yes,Yes
C3706,67,71.24,4761.97,Two year,Fiber optic,Credit card,1,Yes,No,0,Yes,Yes,No
C2655,4,55.17,320.34,Month-to-month,No,Mailed check,0,No,No,0,No,No,Yes
C1933,7,47.54,306.61,Two year,DSL,Bank transfer,1,Yes,No,0,No,No,No
C3374,71,78.89,5559.32,Month-to-month,Fiber optic,Bank transfer,1,Yes,No,0,No,Yes,No
C2259,6,28.37,174.65,One year,DSL,Electronic check,1,No,No,0,Yes,No,No
C2027,11,67.48,737.36,Month-to-month,Fiber optic,Credit card,3,No,No,0,Yes,Yes,Yes
C3018,15,83.74,1297.38,Month-to-month,Fiber optic,Electronic check,0,Yes,Yes,0,Yes,Yes,Yes
C2585,35,60.93,2110.04,Two year,No,Electronic check,4,No,Yes,1,No,No,No
C1980,9,85.53,712.99,Month-to-month,DSL,Bank transfer,1,No,No,0,No,No,Yes
C3693,8,100.55,845.27,Month-to-month,No,Credit card,2,No,No,1,No,No,Yes
C2555,26,56.55,1324.46,Two year,Fiber optic,Mailed check,1,Yes,Yes,1,No,Yes,No
C1604,46,67.79,3140.83,Month-to-month,Fiber optic,Bank transfer,0,No,No,0,Yes,No,Yes
C3733,47,45.67,2117.23,One year,No,Mailed check,0,No,No,0,No,No,No
C3441,11,68.92,823.6,Month-to-month,No,Mailed check,3,No,Yes,0,No,No,Yes
C2589,7,72.3,507.55,Month-to-month,DSL,Electronic check,2,No,No,0,No,Yes,Yes
C1030,57,42.87,2438.38,Month-to-month,DSL,Credit card,3,No,Yes,0,Yes,Yes,No
C2207,70,96.89,6939.15,Two year,DSL,Bank transfer,1,No,Yes,0,No,Yes,No
C3039,50,26.31,1422.54,Month-to-month,Fiber optic,Electronic check,2,No,Yes,0,Yes,Yes,Yes
C3676,14,84.75,1188.97,Month-to-month,No,Credit card,0,No,Yes,1,No,Yes,Yes
C3128,54,74.45,3999.98,Month-to-month,Fiber optic,Bank transfer,2,Yes,No,0,No,Yes,Yes
C1979,48,32.81,1489.62,Month-to-month,Fiber optic,Electronic check,2,No,No,0,No,No,Yes
C2892,48,82.8,3899.26,Month-to-month,DSL,Bank transfer,0,No,No,0,Yes,No,Yes
C2969,50,87.75,4465.13,Month-to-month,DSL,Mailed check,3,No,No,0,No,Yes,No
C2047,47,76.78,3509.95,Month-to-month,Fiber optic,Mailed check,1,No,No,0,Yes,No,Yes
C1175,12,42.84,463.43,One year,Fiber optic,Mailed check,2,No,No,1,No,Yes,Yes
C3912,36,74.5,2709.2,Month-to-month,Fiber optic,Mailed check,1,No,Yes,0,Yes,No,Yes
C3435,8,55.36,427.07,Month-to-month,Fiber optic,Bank transfer,0,No,No,0,Yes,No,Yes
C2736,20,56.9,1214.34,One year,Fiber optic,Bank transfer,2,No,Yes,0,No,No,No
C1273,50,61.34,,Month-to-month,Fiber optic,Credit card,2,No,No,0,Yes,No,No
C2400,42,54.1,2274.03,One year,DSL,Electronic check,1,No,Yes,0,Yes,No,Yes
C2778,19,103.99,2006.3,Month-to-month,Fiber optic,Credit card,1,Yes,No,0,No,Yes,Yes
C1751,61,62.27,3806.71,Two year,Fiber optic,Credit card,0,No,No,0,No,Yes,No
C3359,6,49.17,200.19,Month-to-month,No,Mailed check,3,Yes,No,0,Yes,Yes,No
C1057,58,93.89,5460.51,Month-to-month,DSL,Electronic check,1,Yes,No,1,Yes,No,No
C1837,37,73.66,2708.71,One year,DSL,Electronic check,0,Yes,Yes,1,Yes,No,No
C1912,65,37.97,2435.09,Two year,Fiber optic,Credit card,1,No,No,1,No,Yes,No
C3882,25,68.49,1698.61,Month-to-month,No,Credit card,0,No,No,0,Yes,Yes,Yes
C3996,67,71.6,,Month-to-month,DSL,Mailed check,0,Yes,No,0,No,No,No
C2402,14,60.46,873.07,Two year,No,Credit card,0,No,Yes,0,Yes,Yes,No
C2729,47,87.77,4187.74,Month-to-month,DSL,Electronic check,0,Yes,No,0,Yes,Yes,No
C1250,1,62.16,0.0,One year,No,Bank transfer,2,No,Yes,0,Yes,No,Yes
C3602,56,81.41,4631.45,Month-to-month,Fiber optic,Electronic check,3,Yes,No,0,No,Yes,Yes
C1934,8,43.77,403.03,Month-to-month,No,Mailed check,1,No,No,0,Yes,No,No
C2817,7,63.66,479.12,Month-to-month,Fiber optic,Bank transfer,0,Yes,No,0,Yes,Yes,No
C3397,22,52.66,1071.3,Month-to-month,DSL,Mailed check,3,No,Yes,0,No,Yes,No
C2141,60,60.98,3576.24,One year,Fiber optic,Credit card,0,No,No,0,No,Yes,No
C1389,69,67.66,4698.88,Two year,Fiber optic,Electronic check,0,No,Yes,0,Yes,Yes,No
C3765,1,77.75,,Month-to-month,No,Electronic check,1,No,No,0,Yes,Yes,No
C3597,60,88.42,5336.13,One year,Fiber optic,Bank transfer,1,No,No,0,No,No,Yes
C3014,69,100.49,6992.55,Month-to-month,DSL,Credit card,2,Yes,No,0,Yes,Yes,No
C3861,3,73.11,194.41,Month-to-month,DSL,Credit card,2,No,Yes,0,Yes,No,Yes
C3544,28,59.3,1611.37,Month-to-month,Fiber optic,Bank transfer,0,No,Yes,0,No,No,Yes
C1410,59,78.6,4672.65,One year,Fiber optic,Bank transfer,2,Yes,No,0,Yes,Yes,No
C3437,45,69.67,3164.06,Month-to-month,Fiber optic,Mailed check,2,Yes,No,0,No,No,Yes
C3724,31,18.04,524.65,Month-to-month,DSL,Bank transfer,1,Yes,Yes,1,Yes,No,Yes
C2136,40,57.08,2241.71,Month-to-month,DSL,Electronic check,0,Yes,No,1,No,Yes,No
C3241,42,99.14,4125.49,Two year,No,Electronic check,0,No,Yes,0,Yes,Yes,Yes
C1087,9,116.76,1027.6,Two year,DSL,Credit card,0,No,Yes,0,Yes,No,No
C2042,55,88.56,4804.29,One year,DSL,Mailed check,1,No,No,0,No,No,No
C2499,48,89.84,4336.03,One year,Fiber optic,Bank transfer,0,No,Yes,0,Yes,Yes,No
C1210,56,64.06,3697.6,Month-to-month,DSL,Bank transfer,0,No,No,0,No,No,Yes
C1312,35,98.7,3477.05,Month-to-month,DSL,Credit card,1,Yes,Yes,1,Yes,No,No
C3021,62,71.54,4450.24,Two year,DSL,Electronic check,0,Yes,Yes,0,No,Yes,No
C1409,25,67.67,1654.95,Month-to-month,Fiber optic,Electronic check,0,No,Yes,0,Yes,Yes,Yes
C3053,49,29.06,1421.5,Month-to-month,DSL,Electronic check,2,Yes,Yes,0,Yes,No,Yes
C2957,15,93.5,,Month-to-month,No,Electronic check,2,No,Yes,0,Yes,Yes,No
C1471,70,74.84,5274.52,Month-to-month,DSL,Credit card,1,Yes,No,1,Yes,No,No
C3404,37,97.03,3600.62,One year,Fiber optic,Electronic check,1,Yes,Yes,0,Yes,No,No
C1069,68,34.18,2314.46,One year,DSL,Mailed check,2,Yes,Yes,0,Yes,Yes,No
C2433,34,65.82,2228.97,Two year,No,Mailed check,1,Yes,No,0,No,No,No
C2930,64,39.29,2484.78,One year,DSL,Bank transfer,0,No,No,0,Yes,Yes,No
C3259,15,86.63,1366.29,One year,Fiber optic,Bank transfer,1,No,Yes,0,Yes,No,No
C1880,2,39.43,105.6,One year,DSL,Bank transfer,3,Yes,No,0,No,Yes,No
C1977,44,70.65,3080.9,One year,Fiber optic,Credit card,3,Yes,Yes,0,No,Yes,No
C1332,65,68.74,4536.75,Month-to-month,Fiber optic,Electronic check,0,Yes,No,0,Yes,No,Yes
C3727,19,21.76,444.53,One year,No,Electronic check,2,No,No,0,No,Yes,Yes
C1458,55,90.1,5006.43,Month-to-month,Fiber optic,Electronic check,3,No,Yes,0,Yes,Yes,Yes
C1628,46,92.69,4251.54,Two year,Fiber optic,Mailed check,0,Yes,No,0,Yes,Yes,No
C3972,9,53.72,477.29,Month-to-month,Fiber optic,Mailed check,1,No,No,1,No,Yes,No
C2368,31,86.35,2668.59,Two year,DSL,Credit card,1,No,No,0,Yes,Yes,No
C3096,65,56.23,3719.49,Month-to-month,No,Electronic check,2,Yes,No,0,No,Yes,Yes
C1841,12,36.81,456.54,One year,DSL,Electronic check,1,Yes,No,0,Yes,No,No
C2032,67,52.47,3530.27,Month-to-month,Fiber optic,Mailed check,2,No,No,0,No,No,No
C2343,31,80.12,2502.43,One year,Fiber optic,Electronic check,1,No,No,0,No,No,No
C2831,68,70.04,4773.12,Month-to-month,DSL,Mailed check,3,No,No,0,No,Yes,No
C2051,69,62.31,4237.54,Month-to-month,Fiber optic,Credit card,0,No,No,1,Yes,Yes,Yes
C1898,6,91.79,588.72,Two year,DSL,Bank transfer,0,No,No,0,No,No,No
C2337,6,56.14,348.03,Month-to-month,DSL,Credit card,1,No,Yes,0,No,Yes,No
C3773,68,66.77,4544.99,Month-to-month,DSL,Credit card,0,Yes,No,0,Yes,Yes,No
C1890,71,51.18,3616.16,One year,Fiber optic,Electronic check,3,Yes,No,0,No,No,No
C3300,61,71.04,4337.18,One year,DSL,Bank transfer,0,No,No,1,Yes,Yes,No
C1928,57,75.59,4275.93,Month-to-month,DSL,Electronic check,2,No,No,0,No,No,No
C2894,45,74.99,3430.75,Month-to-month,DSL,Bank transfer,2,No,No,0,No,Yes,Yes
C2495,6,86.98,476.44,Month-to-month,DSL,Electronic check,0,No,No,0,No,Yes,Yes
C3009,10,45.63,412.1,Month-to-month,No,Electronic check,2,No,No,0,Yes,Yes,Yes
C1266,9,80.67,738.46,One year,DSL,Bank transfer,2,Yes,Yes,0,No,Yes,Yes
C3269,15,50.45,766.24,Month-to-month,No,Credit card,1,Yes,No,0,No,Yes,No
C2204,66,49.46,3337.54,Month-to-month,Fiber optic,Electronic check,0,No,No,1,No,No,No
C1164,49,64.64,3181.76,Month-to-month,DSL,Credit card,3,No,No,0,No,Yes,No
C3685,32,89.88,2858.14,Month-to-month,DSL,Bank transfer,1,No,No,0,Yes,Yes,No
C1209,45,103.92,4580.31,Month-to-month,DSL,Electronic check,1,Yes,No,0,No,No,Yes
C2706,20,48.34,981.96,Month-to-month,Fiber optic,Bank transfer,2,Yes,No,0,Yes,Yes,Yes
C2069,23,70.67,1677.8,Two year,No,Electronic check,0,Yes,Yes,0,No,Yes,No
C3338,59,101.15,5994.45,Month-to-month,DSL,Mailed check,0,Yes,No,0,Yes,Yes,No
C1398,32,58.48,1918.38,Month-to-month,DSL,Bank transfer,2,Yes,Yes,1,No,Yes,Yes
C2671,9,26.64,257.6,One year,No,Credit card,2,No,No,1,No,No,Yes
C2113,16,76.66,1218.86,One year,No,Bank transfer,0,No,No,0,No,Yes,No
C2065,52,34.78,,Month-to-month,Fiber optic,Electronic check,0,Yes,No,0,Yes,Yes,Yes
C1269,1,73.2,72.95,Month-to-month,Fiber optic,Electronic check,0,No,Yes,0,No,No,Yes
C2040,27,59.63,1582.27,Two year,DSL,Electronic check,2,No,No,1,Yes,No,No
C1871,40,65.25,2593.98,Month-to-month,Fiber optic,Mailed check,0,No,No,1,No,No,No
C3717,58,85.99,5003.76,Month-to-month,Fiber optic,Credit card,2,Yes,No,1,Yes,Yes,Yes
C2650,13,79.82,1048.6,Month-to-month,Fiber optic,Electronic check,0,Yes,No,0,Yes,Yes,No
C1392,7,57.33,451.95,One year,DSL,Credit card,0,Yes,Yes,0,Yes,Yes,No
C3824,19,52.82,1004.08,Month-to-month,DSL,Mailed check,4,No,No,0,Yes,Yes,No
C1914,7,79.3,417.61,Two year,DSL,Mailed check,3,Yes,No,1,Yes,No,No
C1972,53,41.45,2149.24,Two year,DSL,Mailed check,0,No,Yes,0,No,No,No
C2125,66,74.36,4946.76,Month-to-month,DSL,Credit card,0,No,No,0,Yes,Yes,No
C1536,9,78.26,696.77,One year,DSL,Electronic check,2,No,No,0,No,Yes,Yes
C3337,55,53.38,2978.41,One year,Fiber optic,Bank transfer,0,No,No,0,No,Yes,Yes
C3042,33,87.49,2911.13,One year,DSL,Bank transfer,0,No,No,0,No,Yes,No
C3520,25,91.74,2239.23,One year,Fiber optic,Bank transfer,1,No,Yes,0,Yes,Yes,Yes
C1940,25,54.49,1268.76,Month-to-month,Fiber optic,Electronic check,1,No,No,0,Yes,Yes,No
C3027,45,42.56,,One year,Fiber optic,Electronic check,1,No,No,0,No,No,No
C1318,5,74.55,357.68,Month-to-month,Fiber optic,Bank transfer,3,No,No,1,No,No,Yes
C1532,36,70.34,2561.23,Month-to-month,DSL,Mailed check,3,Yes,No,0,Yes,No,Yes
C1828,24,64.79,1575.99,Month-to-month,No,Bank transfer,0,Yes,No,0,Yes,No,No
C3933,54,47.25,2521.51,Month-to-month,No,Mailed check,0,No,No,0,No,Yes,Yes
C2830,44,59.83,2679.9,One year,Fiber optic,Credit card,0,Yes,Yes,0,Yes,No,No
C1236,56,77.2,4382.14,Month-to-month,DSL,Electronic check,0,No,Yes,1,No,No,No
C1003,68,59.92,4069.34,Month-to-month,DSL,Bank transfer,4,No,Yes,1,Yes,Yes,Yes
C3858,47,39.76,1869.19,Month-to-month,No,Credit card,4,No,No,0,Yes,Yes,Yes
C3020,5,70.89,,Month-to-month,Fiber optic,Credit card,2,No,No,0,Yes,Yes,Yes
C3519,16,52.66,826.46,One year,DSL,Mailed check,0,No,Yes,1,Yes,Yes,No
C2656,60,72.54,4381.23,Month-to-month,DSL,Mailed check,0,Yes,No,1,No,No,No
C2838,26,87.37,2289.03,One year,DSL,Credit card,3,Yes,Yes,0,Yes,Yes,No
C2117,62,51.62,3172.45,Month-to-month,No,Credit card,1,No,No,1,Yes,Yes,No
C3598,45,45.19,1942.92,Month-to-month,DSL,Bank transfer,1,No,No,0,Yes,Yes,Yes
C3698,9,57.41,491.64,Month-to-month,No,Mailed check,0,Yes,No,0,No,Yes,Yes
C1388,39,60.36,2292.16,One year,DSL,Credit card,0,No,No,0,No,Yes,No
C1961,3,59.74,215.89,Month-to-month,No,Bank transfer,3,Yes,No,0,Yes,Yes,No
C3796,17,71.1,1253.69,Month-to-month,No,Electronic check,3,No,Yes,0,No,Yes,Yes
C2755,26,39.32,990.34,Month-to-month,DSL,Mailed check,1,Yes,Yes,0,No,No,No
C1025,56,76.79,4285.13,Month-to-month,Fiber optic,Mailed check,3,No,Yes,0,No,No,Yes
C3665,58,66.01,3904.59,Month-to-month,Fiber optic,Electronic check,3,Yes,Yes,1,Yes,No,No
C1814,71,92.48,6561.25,One year,DSL,Credit card,2,No,No,0,No,Yes,No
C3036,47,64.36,3037.0,Month-to-month,Fiber optic,Electronic check,0,No,No,0,No,Yes,Yes
C2035,38,88.46,3347.47,Month-to-month,DSL,Electronic check,0,Yes,No,0,Yes,Yes,No
C3701,8,54.15,402.88,One year,DSL,Electronic check,1,Yes,No,0,Yes,No,No
C1160,43,84.6,3581.75,Month-to-month,DSL,Bank transfer,0,Yes,No,1,No,Yes,No
C1724,43,96.73,4095.86,Month-to-month,Fiber optic,Electronic check,0,No,No,0,No,Yes,Yes
C2288,49,54.66,2744.53,One year,Fiber optic,Electronic check,1,Yes,No,0,No,No,No
C1226,43,64.98,2795.09,One year,DSL,Mailed check,0,No,Yes,0,No,No,No
C3138,6,50.59,302.43,Month-to-month,Fiber optic,Electronic check,1,No,No,1,Yes,Yes,Yes
C3791,56,51.97,2915.68,Month-to-month,DSL,Credit card,3,No,Yes,1,No,Yes,No
C3325,45,60.96,2758.64,One year,Fiber optic,Mailed check,0,No,No,0,No,No,No
C3759,54,49.82,2707.37,Month-to-month,DSL,Mailed check,1,No,Yes,0,Yes,Yes,No
C2417,22,83.42,1864.11,Month-to-month,DSL,Electronic check,0,Yes,No,0,Yes,Yes,Yes
C2123,24,48.75,1125.28,Month-to-month,Fiber optic,Bank transfer,1,No,No,0,No,Yes,No
C2912,42,47.49,1880.38,One year,No,Credit card,1,Yes,Yes,0,Yes,Yes,No
C2370,1,39.43,40.41,Month-to-month,No,Bank transfer,1,No,Yes,1,No,No,Yes
C3123,46,44.89,2005.43,Month-to-month,Fiber optic,Electronic check,0,Yes,No,0,No,Yes,No
C1915,8,18.54,150.56,Month-to-month,No,Bank transfer,3,Yes,Yes,0,Yes,Yes,Yes
C1469,63,76.16,4887.82,Month-to-month,No,Credit card,0,No,Yes,0,Yes,Yes,Yes
C2243,13,89.12,1038.91,Month-to-month,DSL,Credit card,2,Yes,No,0,No,No,Yes
C1022,70,64.64,4521.6,One year,DSL,Credit card,3,Yes,No,0,Yes,Yes,No
C1671,46,84.08,3844.67,Month-to-month,DSL,Bank transfer,1,No,No,0,Yes,Yes,No
C2290,31,59.19,1796.01,Month-to-month,No,Bank transfer,1,No,No,0,Yes,Yes,Yes
C1350,67,47.14,3130.32,One year,Fiber optic,Credit card,3,Yes,Yes,0,Yes,Yes,No
C2456,70,91.7,6464.62,Month-to-month,Fiber optic,Electronic check,2,Yes,Yes,1,No,Yes,No
C2927,6,84.53,493.92,Month-to-month,Fiber optic,Mailed check,1,No,Yes,0,Yes,Yes,No
C1202,53,60.09,3154.08,One year,DSL,Bank transfer,1,Yes,Yes,0,Yes,Yes,No
C2235,10,57.72,646.46,Month-to-month,Fiber optic,Bank transfer,0,No,No,0,No,Yes,Yes
C2866,32,70.14,2303.76,One year,DSL,Credit card,1,Yes,Yes,0,No,No,No
C1481,30,25.39,710.84,Two year,Fiber optic,Credit card,3,No,No,0,No,No,No
C1800,48,19.91,1005.74,Month-to-month,Fiber optic,Bank transfer,2,No,Yes,0,Yes,Yes,Yes
C3883,48,49.06,2398.44,Month-to-month,Fiber optic,Credit card,1,Yes,No,0,No,Yes,Yes
C1334,21,100.43,2069.43,One year,DSL,Mailed check,0,No,Yes,1,No,Yes,Yes
C1328,32,58.61,1837.0,One year,DSL,Bank transfer,1,No,No,0,Yes,No,No
C2568,22,90.99,1971.33,Month-to-month,No,Mailed check,0,Yes,Yes,1,No,Yes,No
C1850,36,66.14,2371.09,Two year,Fiber optic,Electronic check,3,Yes,No,0,Yes,No,No
C1894,31,73.93,2227.59,Two year,Fiber optic,Mailed check,0,No,Yes,0,Yes,No,Yes
C1072,54,44.47,2365.94,Month-to-month,No,Mailed check,2,No,No,0,Yes,No,No
C3843,31,85.17,2692.26,One year,Fiber optic,Bank transfer,1,Yes,No,1,Yes,No,No
C1370,65,63.45,4076.69,One year,Fiber optic,Mailed check,1,Yes,No,1,No,No,No
C2944,33,65.48,2046.85,Month-to-month,Fiber optic,Bank transfer,1,No,No,0,No,Yes,No
C1630,23,50.44,1142.73,Month-to-month,DSL,Electronic check,3,No,Yes,0,Yes,No,Yes
C1347,23,59.44,1312.68,One year,DSL,Bank transfer,0,Yes,No,0,No,Yes,No
C3897,8,50.34,323.04,Month-to-month,DSL,Mailed check,5,Yes,No,0,No,No,Yes
C3772,57,66.65,3805.94,One year,Fiber optic,Mailed check,2,Yes,No,0,Yes,No,No
C2444,54,49.53,2644.21,Month-to-month,No,Electronic check,4,Yes,No,0,Yes,Yes,Yes
C2663,5,86.27,502.22,Month-to-month,Fiber optic,Credit card,0,No,Yes,0,No,Yes,No
C1006,15,71.11,1140.22,Month-to-month,DSL,Electronic check,2,No,Yes,1,No,Yes,Yes
C3614,68,43.59,2998.47,Two year,DSL,Electronic check,1,No,Yes,0,Yes,Yes,No
C2331,20,54.39,1142.67,Month-to-month,DSL,Mailed check,2,No,Yes,0,Yes,No,No
C3645,36,72.96,2633.16,Month-to-month,DSL,Bank transfer,2,Yes,Yes,0,No,Yes,No
C2326,9,87.92,760.5,Two year,Fiber optic,Mailed check,0,No,Yes,0,No,No,Yes
C3716,63,44.68,2854.52,Two year,Fiber optic,Bank transfer,0,No,Yes,0,Yes,No,No
C2924,7,31.96,188.14,One year,No,Credit card,2,No,Yes,0,No,Yes,No
C1000,48,26.78,1262.04,Two year,Fiber optic,Electronic check,1,Yes,Yes,1,No,Yes,No
C2708,21,34.28,825.02,Month-to-month,DSL,Mailed check,3,No,No,0,Yes,Yes,No
C2832,32,87.89,2820.03,One year,DSL,Mailed check,1,No,No,0,Yes,No,No
C2727,3,68.1,227.83,Month-to-month,DSL,Credit card,2,Yes,Yes,0,Yes,Yes,No
C3691,45,50.94,2223.66,One year,Fiber optic,Mailed check,1,Yes,No,1,No,Yes,No
C3294,34,76.54,2632.11,Month-to-month,Fiber optic,Credit card,2,No,No,0,No,Yes,Yes
C1551,34,76.19,2599.15,One year,DSL,Electronic check,1,Yes,Yes,0,No,Yes,No
C2888,65,47.47,3157.7,One year,No,Electronic check,2,Yes,Yes,0,Yes,Yes,No
C3432,4,54.6,193.68,Month-to-month,Fiber optic,Mailed check,3,Yes,No,0,Yes,Yes,Yes
C3731,4,87.28,398.29,Month-to-month,DSL,Mailed check,1,Yes,Yes,0,Yes,Yes,Yes
C2902,35,105.85,3752.93,One year,Fiber optic,Mailed check,0,No,No,0,Yes,No,No
C3904,59,72.66,4230.28,Month-to-month,DSL,Mailed check,2,No,Yes,1,Yes,No,No
C3253,14,49.46,691.06,Month-to-month,Fiber optic,Mailed check,2,No,No,0,No,No,No
C3331,45,67.02,2990.05,Month-to-month,DSL,Bank transfer,1,No,No,0,Yes,Yes,No
C1805,64,64.62,4203.45,One year,No,Bank transfer,3,No,Yes,0,Yes,Yes,No
C2187,53,92.85,4940.66,Two year,Fiber optic,Bank transfer,2,No,No,0,No,No,No
C3624,43,65.62,2823.38,Month-to-month,DSL,Bank transfer,0,Yes,Yes,0,No,Yes,No
C3405,24,67.72,1636.87,Month-to-month,Fiber optic,Electronic check,0,No,No,0,No,No,No
C1822,34,40.17,1420.91,Month-to-month,Fiber optic,Bank transfer,2,No,No,0,Yes,No,Yes
C1322,40,56.19,2299.87,Month-to-month,DSL,Bank transfer,2,No,No,1,No,No,Yes
C1562,6,69.61,335.44,Two year,No,Mailed check,0,Yes,No,0,No,Yes,No
C1246,21,111.0,2320.05,One year,DSL,Electronic check,1,Yes,Yes,0,No,No,No
C1404,56,71.6,3959.44,Month-to-month,DSL,Bank transfer,1,No,Yes,0,No,Yes,Yes
C3704,60,73.31,4304.74,Month-to-month,DSL,Credit card,2,No,No,0,Yes,Yes,No
C2740,13,70.0,898.19,Month-to-month,Fiber optic,Credit card,1,No,Yes,1,No,Yes,Yes
C1719,37,77.3,2855.52,One year,Fiber optic,Electronic check,2,No,No,0,No,No,No
C3335,8,63.83,537.09,Month-to-month,No,Bank transfer,2,No,No,0,Yes,No,Yes
C1669,31,96.76,2999.71,One year,Fiber optic,Mailed check,0,Yes,Yes,0,No,No,No
C1654,29,65.94,1891.64,Two year,Fiber optic,Electronic check,0,Yes,No,0,No,Yes,No
C2544,2,72.18,178.61,Month-to-month,DSL,Mailed check,1,No,Yes,0,Yes,No,Yes
C2496,47,85.17,4072.16,One year,Fiber optic,Mailed check,2,No,No,0,Yes,No,No
C1922,50,80.66,4088.28,Month-to-month,Fiber optic,Mailed check,2,No,No,0,No,Yes,Yes
C2157,6,85.62,486.06,Month-to-month,Fiber optic,Credit card,2,No,No,0,No,Yes,Yes
C1120,37,85.04,3253.04,One year,DSL,Credit card,1,Yes,Yes,0,Yes,Yes,No
C3626,11,48.1,441.58,Month-to-month,Fiber optic,Electronic check,1,Yes,Yes,0,Yes,Yes,No
C3732,9,88.84,730.94,Month-to-month,Fiber optic,Bank transfer,2,Yes,No,0,No,Yes,Yes
C1870,49,42.12,2031.97,Month-to-month,Fiber optic,Bank transfer,4,Yes,Yes,0,Yes,Yes,Yes
C2075,38,87.08,3342.66,Two year,No,Mailed check,4,Yes,No,0,No,No,No
C3395,20,37.87,770.61,One year,Fiber optic,Bank transfer,0,Yes,No,0,Yes,Yes,No
C1208,5,74.94,412.41,Month-to-month,Fiber optic,Mailed check,2,No,No,1,No,No,Yes
C1584,47,66.67,3080.99,Month-to-month,Fiber optic,Credit card,1,Yes,No,0,No,Yes,No
C1472,23,50.42,1127.55,Month-to-month,DSL,Credit card,1,Yes,No,0,Yes,Yes,No
C1126,64,69.94,,One year,DSL,Bank transfer,2,No,No,0,Yes,No,No
C3756,36,70.93,2585.29,Month-to-month,Fiber optic,Electronic check,1,No,Yes,0,No,Yes,No
C3164,68,86.59,5927.12,Month-to-month,DSL,Credit card,0,No,No,0,No,No,Yes
C1586,16,75.98,1137.18,One year,Fiber optic,Mailed check,0,No,Yes,0,Yes,Yes,No
C3548,27,71.36,2016.84,Month-to-month,No,Mailed check,2,Yes,No,0,Yes,Yes,No
C2774,10,73.85,757.62,Month-to-month,Fiber optic,Bank transfer,0,No,Yes,0,Yes,No,No
C2194,25,91.05,2269.61,Month-to-month,Fiber optic,Electronic check,1,No,No,0,No,Yes,No
C2231,6,78.65,440.84,Month-to-month,Fiber optic,Electronic check,2,No,No,0,No,Yes,Yes
C3785,53,38.65,2074.03,One year,DSL,Electronic check,2,No,No,0,Yes,No,Yes
C2489,22,54.2,1121.7,Month-to-month,Fiber optic,Credit card,3,Yes,No,0,No,No,Yes
C3639,11,58.8,675.34,Two year,Fiber optic,Credit card,0,Yes,No,0,No,Yes,No
C2061,70,66.23,4703.6,Month-to-month,Fiber optic,Electronic check,1,No,No,0,Yes,Yes,Yes
C1124,44,72.93,3160.89,Two year,DSL,Mailed check,0,No,No,0,Yes,Yes,No
C1216,22,37.81,970.16,Month-to-month,No,Mailed check,2,Yes,No,0,No,No,Yes
C3102,24,45.81,1104.76,Month-to-month,No,Mailed check,1,Yes,No,0,No,No,Yes
C1166,45,100.45,4571.98,One year,Fiber optic,Electronic check,3,No,No,0,Yes,No,No
C2584,45,68.4,3147.61,Two year,No,Bank transfer,1,No,No,0,No,No,No
C1228,69,63.52,4427.72,Month-to-month,No,Electronic check,0,No,Yes,1,No,No,No
C3507,3,71.48,257.04,Month-to-month,Fiber optic,Bank transfer,1,Yes,No,0,No,Yes,No
C3845,64,29.45,1836.48,Month-to-month,DSL,Credit card,0,No,No,1,Yes,No,No
C3871,69,73.1,5001.86,One year,Fiber optic,Electronic check,2,No,No,1,Yes,No,Yes
C1459,27,94.74,2598.79,Two year,Fiber optic,Bank transfer,2,No,No,1,No,Yes,No
C2636,25,87.16,2160.35,Two year,No,Bank transfer,1,No,No,0,No,Yes,No
C3868,15,82.85,1135.31,One year,Fiber optic,Electronic check,1,Yes,Yes,0,No,Yes,No
C3889,7,74.79,579.04,Month-to-month,Fiber optic,Mailed check,2,Yes,No,0,No,No,Yes
C2059,7,98.09,611.25,Month-to-month,DSL,Electronic check,3,Yes,Yes,1,No,Yes,No
C1891,57,89.07,5081.14,Month-to-month,DSL,Credit card,2,No,No,0,Yes,Yes,Yes
C3817,28,62.47,1841.73,Month-to-month,DSL,Credit card,2,Yes,No,0,No,No,Yes
C2317,26,50.6,1354.67,Month-to-month,DSL,Electronic check,1,No,Yes,1,Yes,No,No
C1439,63,48.41,3033.7,Month-to-month,Fiber optic,Mailed check,1,No,No,1,No,No,Yes
C2099,20,38.3,746.27,One year,Fiber optic,Mailed check,1,No,No,0,No,No,No
C1086,30,70.87,2047.58,Month-to-month,DSL,Credit card,1,No,No,0,Yes,No,Yes
C3378,41,47.6,2009.32,Two year,No,Mailed check,1,No,No,1,Yes,No,No
C3616,24,83.68,1977.91,One year,Fiber optic,Credit card,1,Yes,No,0,Yes,Yes,No
C3851,26,76.39,2000.45,One year,No,Credit card,0,No,No,0,Yes,No,No
C1877,12,51.23,685.78,One year,DSL,Bank transfer,0,Yes,No,0,Yes,No,No
C1652,35,58.97,2120.0,Month-to-month,Fiber optic,Bank transfer,1,No,No,0,Yes,Yes,No
C2365,47,50.39,2324.64,Month-to-month,DSL,Electronic check,2,No,No,0,No,Yes,Yes
C2336,16,84.44,1401.45,Month-to-month,Fiber optic,Mailed check,1,No,Yes,0,No,No,Yes
C2726,32,78.24,2612.04,Month-to-month,Fiber optic,Electronic check,1,No,No,0,No,No,No
C3637,7,65.2,433.13,One year,Fiber optic,Bank transfer,1,No,No,0,No,No,Yes
C3298,53,56.23,2969.57,Month-to-month,Fiber optic,Electronic check,1,No,No,0,Yes,Yes,Yes
C1685,12,38.01,476.62,One year,DSL,Credit card,0,No,No,1,No,Yes,No
C2750,68,66.05,4588.96,Month-to-month,Fiber optic,Credit card,1,No,No,0,Yes,Yes,Yes
C3410,53,84.33,4494.35,Two year,Fiber optic,Credit card,2,No,Yes,0,No,No,No
C2382,28,64.07,1780.23,Month-to-month,DSL,Bank transfer,2,No,No,0,No,No,Yes
C3044,55,92.53,5073.56,Month-to-month,Fiber optic,Mailed check,2,Yes,Yes,0,Yes,Yes,Yes
C1123,16,84.48,1296.12,Two year,DSL,Credit card,1,No,No,0,No,No,No
C3735,52,70.86,3671.34,Month-to-month,Fiber optic,Bank transfer,2,No,Yes,0,Yes,No,Yes
C2512,50,91.22,4570.27,Month-to-month,Fiber optic,Bank transfer,5,Yes,No,0,Yes,No,Yes
C1632,18,57.42,1078.94,Two year,DSL,Electronic check,2,Yes,No,0,Yes,Yes,No
C1346,12,79.05,1037.84,One year,DSL,Bank transfer,0,No,No,0,Yes,Yes,Yes
C2488,61,53.52,3346.25,Month-to-month,No,Credit card,1,Yes,No,0,Yes,Yes,Yes
C3318,16,40.82,677.03,Month-to-month,DSL,Electronic check,1,No,No,1,Yes,Yes,Yes
C3983,15,60.95,894.45,One year,No,Mailed check,0,No,Yes,0,Yes,No,Yes
C3589,4,123.06,510.9,One year,Fiber optic,Mailed check,4,No,No,0,Yes,No,Yes
C2605,4,74.96,294.69,Month-to-month,No,Mailed check,2,No,No,0,No,Yes,Yes
C2998,22,56.95,1306.59,Two year,DSL,Electronic check,3,Yes,Yes,0,Yes,No,No
C2197,22,50.96,1116.53,Month-to-month,DSL,Bank transfer,2,Yes,Yes,0,Yes,Yes,No
C1853,22,81.26,1820.68,Two year,No,Mailed check,1,Yes,Yes,0,No,Yes,No
C3223,38,30.94,1199.94,Month-to-month,No,Credit card,3,No,Yes,0,Yes,No,Yes
C3931,68,33.21,2224.11,Two year,DSL,Mailed check,0,No,Yes,0,No,Yes,No
C3049,17,58.1,949.03,Month-to-month,No,Mailed check,0,Yes,No,0,No,Yes,No
C2573,10,21.13,233.12,Two year,Fiber optic,Mailed check,0,No,No,0,Yes,Yes,Yes
C3830,5,98.67,578.51,One year,Fiber optic,Electronic check,4,No,No,0,Yes,Yes,Yes
C3969,28,59.17,1620.38,One year,Fiber optic,Mailed check,2,No,No,0,No,Yes,No
C2687,29,79.09,2279.78,Month-to-month,Fiber optic,Mailed check,1,No,No,0,Yes,Yes,Yes
C2931,48,63.2,3008.21,One year,Fiber optic,Electronic check,0,No,No,0,Yes,Yes,No
C2733,7,52.57,399.75,Month-to-month,DSL,Credit card,2,No,No,0,Yes,Yes,No
C2741,19,86.84,1677.41,One year,No,Electronic check,2,No,No,1,Yes,Yes,No
C1603,69,70.6,4857.32,Month-to-month,DSL,Mailed check,2,Yes,No,0,Yes,No,No
C2348,27,60.95,1622.7,Month-to-month,Fiber optic,Credit card,0,No,No,0,No,No,No
C1377,22,70.88,1572.53,Two year,Fiber optic,Mailed check,1,Yes,No,1,Yes,Yes,No
C2487,56,56.06,3129.67,Month-to-month,DSL,Credit card,2,No,No,0,Yes,Yes,Yes
C2545,30,63.66,1944.65,Month-to-month,No,Credit card,1,No,No,0,Yes,Yes,Yes
C3263,3,69.58,198.31,One year,DSL,Electronic check,1,No,No,0,Yes,Yes,Yes
C1454,27,84.66,2298.44,Two year,No,Electronic check,2,No,No,0,No,Yes,No
C1065,48,23.34,1195.29,Two year,Fiber optic,Bank transfer,1,Yes,No,0,Yes,Yes,No
C1636,59,64.26,,Two year,Fiber optic,Electronic check,1,No,Yes,0,Yes,Yes,No
C3208,57,57.18,3178.4,Two year,DSL,Electronic check,2,No,No,0,No,No,No
C1902,59,117.78,6983.36,Month-to-month,Fiber optic,Credit card,2,No,Yes,0,Yes,No,Yes
C2922,37,89.16,,Month-to-month,No,Mailed check,1,No,No,1,Yes,Yes,Yes
C3565,58,63.64,3737.43,One year,DSL,Electronic check,0,No,Yes,1,Yes,Yes,No
C1005,58,63.14,3619.9,Month-to-month,DSL,Credit card,1,Yes,No,0,No,Yes,Yes
C2398,24,20.09,563.63,Two year,No,Mailed check,2,No,Yes,1,No,No,No
C1499,5,68.01,407.59,Month-to-month,DSL,Mailed check,3,No,No,1,Yes,Yes,Yes
C2440,16,61.47,985.48,Two year,Fiber optic,Credit card,2,Yes,No,0,No,Yes,No
C1111,38,80.02,3121.27,Month-to-month,No,Bank transfer,0,Yes,Yes,0,Yes,Yes,No
C2183,59,46.38,2641.09,Two year,Fiber optic,Bank transfer,1,No,No,0,Yes,No,No
C2546,43,77.2,3281.46,Month-to-month,Fiber optic,Bank transfer,0,No,No,0,Yes,Yes,Yes
C2913,62,51.1,3147.89,One year,Fiber optic,Mailed check,1,No,Yes,0,No,No,No
C3095,52,81.99,4212.21,One year,No,Bank transfer,1,Yes,Yes,0,No,No,No
C3611,68,64.68,4379.83,Month-to-month,DSL,Credit card,1,Yes,Yes,0,Yes,No,No
C2672,4,47.1,116.39,Month-to-month,DSL,Electronic check,0,No,Yes,0,No,No,Yes
C2341,11,68.24,757.67,Month-to-month,Fiber optic,Mailed check,0,No,Yes,0,Yes,Yes,No
C1041,24,72.58,1741.7,Month-to-month,DSL,Mailed check,0,Yes,No,0,Yes,Yes,No
C2816,57,60.62,3465.33,Two year,Fiber optic,Credit card,0,Yes,No,0,No,Yes,No
C2845,63,37.93,2390.59,One year,No,Mailed check,1,No,No,0,Yes,Yes,No
C1301,4,50.46,,One year,Fiber optic,Credit card,0,No,Yes,0,Yes,Yes,No
C2052,62,44.73,2746.06,Two year,Fiber optic,Mailed check,1,Yes,No,0,Yes,No,No
C2046,39,94.89,3656.1,One year,Fiber optic,Mailed check,4,Yes,No,0,Yes,No,No
C3832,41,39.33,1600.27,Month-to-month,Fiber optic,Credit card,1,No,No,0,Yes,Yes,Yes
C3379,8,90.68,781.57,Two year,DSL,Credit card,1,No,No,0,Yes,Yes,Yes
C2168,49,61.13,3043.92,One year,Fiber optic,Credit card,3,No,Yes,0,Yes,No,Yes
C2244,17,94.53,1547.99,One year,DSL,Mailed check,0,No,No,0,No,Yes,No
C1445,55,87.25,4872.96,Two year,Fiber optic,Bank transfer,0,Yes,No,0,Yes,No,No
C2869,13,37.45,384.37,Month-to-month,DSL,Credit card,0,No,No,0,No,Yes,No
C1211,21,110.01,2315.14,Month-to-month,No,Electronic check,3,Yes,No,0,No,No,No
C2476,59,85.58,4937.15,Month-to-month,DSL,Mailed check,1,No,Yes,1,Yes,Yes,No
C1157,45,78.23,3497.95,One year,No,Bank transfer,2,No,No,0,Yes,Yes,No
C1156,9,48.81,415.88,Month-to-month,Fiber optic,Electronic check,1,No,Yes,0,No,No,Yes
C3055,2,71.2,214.85,One year,Fiber optic,Mailed check,2,Yes,No,0,No,Yes,No
C3505,48,67.98,3158.39,Month-to-month,DSL,Credit card,1,Yes,No,0,Yes,Yes,No
C3480,6,83.49,487.49,Month-to-month,Fiber optic,Credit card,1,Yes,No,0,No,Yes,Yes
C3615,21,57.05,1209.75,Month-to-month,Fiber optic,Electronic check,1,No,No,0,No,Yes,No
C3899,53,69.16,3659.66,Month-to-month,DSL,Mailed check,5,Yes,No,0,Yes,Yes,No
C1103,35,65.16,2184.76,Two year,Fiber optic,Bank transfer,0,No,No,0,Yes,Yes,No
C3180,71,77.66,5450.44,Month-to-month,Fiber optic,Credit card,1,No,No,0,No,Yes,No
C2406,27,84.83,2220.97,Two year,DSL,Credit card,3,No,No,1,Yes,No,No
C3415,3,57.65,186.08,Two year,DSL,Mailed check,1,Yes,No,0,Yes,No,No
C1240,3,46.41,130.64,Month-to-month,Fiber optic,Electronic check,1,No,No,0,Yes,No,Yes
C1403,24,99.52,2266.91,One year,DSL,Bank transfer,0,No,No,0,No,No,No
C1824,63,75.42,4732.05,Month-to-month,Fiber optic,Mailed check,3,Yes,Yes,0,No,No,Yes
C3974,53,61.9,3300.51,One year,Fiber optic,Bank transfer,3,No,Yes,1,No,Yes,No
C1140,19,78.7,1452.11,Month-to-month,DSL,Bank transfer,1,No,No,0,No,No,Yes
C3766,28,45.34,1261.64,Two year,No,Mailed check,0,No,No,0,No,Yes,No
C2809,52,52.35,2717.07,Month-to-month,Fiber optic,Mailed check,2,No,Yes,1,No,Yes,Yes
C3217,27,82.04,2237.06,Two year,No,Mailed check,0,Yes,No,0,Yes,Yes,No
C2783,8,23.53,197.11,Two year,Fiber optic,Electronic check,1,No,No,0,No,No,Yes
C1592,49,92.71,4568.63,Two year,Fiber optic,Mailed check,0,No,No,1,No,Yes,No
C3570,15,76.88,1225.48,Month-to-month,No,Credit card,0,No,No,0,No,Yes,Yes
C3290,36,88.91,3154.88,Month-to-month,Fiber optic,Bank transfer,4,Yes,No,0,No,No,Yes
C3113,55,45.16,2556.13,One year,Fiber optic,Bank transfer,1,No,No,1,Yes,No,No
C2500,57,30.31,1758.59,Month-to-month,Fiber optic,Electronic check,0,No,Yes,0,No,Yes,No
C2893,51,59.31,2970.68,One year,Fiber optic,Bank transfer,0,No,No,0,No,Yes,No
C2576,39,87.47,3377.47,Month-to-month,Fiber optic,Electronic check,4,Yes,Yes,0,Yes,No,Yes
C2834,65,56.96,3712.35,One year,DSL,Electronic check,2,No,No,1,Yes,Yes,No
C2502,61,60.21,3538.85,Two year,Fiber optic,Mailed check,3,No,No,0,No,No,No
C1339,36,76.48,2716.0,One year,DSL,Bank transfer,2,Yes,No,0,Yes,Yes,No
C3137,14,85.54,1103.65,Month-to-month,DSL,Bank transfer,1,No,Yes,0,Yes,No,No
C1718,9,72.81,611.48,Two year,DSL,Credit card,2,Yes,No,0,No,Yes,No
C3443,14,70.97,1035.46,One year,DSL,Bank transfer,0,No,No,0,No,Yes,Yes
C1194,33,87.54,2743.05,Two year,Fiber optic,Bank transfer,0,No,Yes,0,No,Yes,No
C1876,41,59.39,2409.62,Two year,DSL,Electronic check,1,Yes,No,0,No,Yes,No
C2865,42,46.84,1893.46,Month-to-month,No,Bank transfer,0,No,No,1,Yes,Yes,No
C1823,11,96.0,978.79,Two year,Fiber optic,Credit card,1,No,No,0,Yes,No,No
C2374,31,43.35,1362.35,Two year,No,Credit card,1,No,Yes,0,Yes,No,No
C2089,30,46.26,1415.73,One year,DSL,Bank transfer,3,Yes,No,0,No,No,No
C3502,8,66.66,526.11,Month-to-month,Fiber optic,Electronic check,2,No,No,0,Yes,Yes,Yes
C1540,47,52.72,2523.4,Month-to-month,Fiber optic,Bank transfer,2,Yes,No,0,Yes,Yes,Yes
C3538,14,77.02,1187.81,Month-to-month,No,Electronic check,2,No,Yes,0,No,No,Yes
C3400,71,41.34,2931.28,Month-to-month,No,Credit card,1,No,Yes,0,No,Yes,Yes
C3222,36,43.59,1613.4,Two year,DSL,Credit card,0,No,Yes,0,No,No,No
C3276,61,97.4,5865.45,One year,No,Mailed check,0,Yes,Yes,0,Yes,Yes,No
C1034,68,53.52,3649.38,Two year,DSL,Electronic check,0,No,Yes,0,No,Yes,No
C1443,14,82.16,1180.93,Month-to-month,Fiber optic,Credit card,3,No,No,0,Yes,Yes,Yes
C3250,48,71.6,3486.79,Month-to-month,Fiber optic,Bank transfer,2,No,Yes,1,No,Yes,No
C1270,14,36.23,527.95,Month-to-month,Fiber optic,Mailed check,0,No,No,1,Yes,Yes,Yes
C2701,17,95.53,1634.57,Month-to-month,Fiber optic,Mailed check,0,No,No,0,No,No,Yes
C2947,43,48.69,2084.61,Month-to-month,No,Credit card,2,No,No,0,No,No,No
C2462,44,83.41,3716.73,Month-to-month,Fiber optic,Credit card,1,Yes,Yes,0,Yes,Yes,Yes
C1192,8,98.16,,Month-to-month,Fiber optic,Mailed check,1,Yes,No,1,No,No,Yes
C3080,54,69.69,3787.76,Month-to-month,Fiber optic,Credit card,1,No,Yes,0,Yes,No,Yes
C2279,51,54.47,2747.27,Month-to-month,Fiber optic,Credit card,0,Yes,No,0,Yes,Yes,No
C3438,64,88.01,5621.03,Month-to-month,Fiber optic,Credit card,0,No,No,0,Yes,Yes,No
C1529,52,62.8,3193.37,One year,Fiber optic,Electronic check,2,No,No,0,Yes,Yes,No
C1330,23,53.13,1204.84,Month-to-month,DSL,Electronic check,0,No,No,0,Yes,Yes,Yes
C3199,48,99.89,4832.62,Month-to-month,Fiber optic,Bank transfer,0,No,Yes,1,Yes,No,Yes
C2627,44,87.02,3851.21,Month-to-month,DSL,Mailed check,1,No,No,0,No,Yes,Yes
C3874,59,118.58,6992.49,Two year,DSL,Electronic check,1,No,No,1,Yes,Yes,Yes
C3303,43,74.82,3232.52,Month-to-month,Fiber optic,Bank transfer,3,No,No,0,No,No,No
C2423,17,37.79,665.21,Two year,DSL,Bank transfer,0,No,No,0,No,No,No
C2593,64,73.99,4777.71,Two year,Fiber optic,Electronic check,1,Yes,Yes,0,No,No,Yes
C1325,1,59.18,0.0,Month-to-month,Fiber optic,Bank transfer,3,No,Yes,0,Yes,No,Yes
C2638,51,66.06,3410.38,Month-to-month,Fiber optic,Bank transfer,0,No,Yes,0,Yes,Yes,Yes
C1973,24,59.21,1430.69,Two year,DSL,Electronic check,1,Yes,Yes,0,Yes,Yes,No
C2535,71,78.4,5515.16,Month-to-month,Fiber optic,Credit card,1,Yes,No,0,No,Yes,Yes
C2588,23,82.28,1875.17,One year,Fiber optic,Bank transfer,1,Yes,Yes,1,Yes,Yes,No
C1437,31,63.63,2063.33,Month-to-month,Fiber optic,Electronic check,1,No,Yes,0,No,No,No
C2311,68,91.99,6203.94,Month-to-month,No,Bank transfer,3,No,Yes,0,Yes,Yes,No
C2213,62,68.38,4220.14,One year,No,Electronic check,2,Yes,Yes,0,No,Yes,No
C1131,33,90.72,3007.31,Two year,Fiber optic,Mailed check,1,No,No,0,No,No,No
C2523,51,89.58,4586.93,Month-to-month,DSL,Bank transfer,0,Yes,No,0,Yes,Yes,No
C2111,14,42.65,561.99,Month-to-month,Fiber optic,Electronic check,1,No,No,0,No,Yes,Yes
C2420,26,72.33,1832.87,Two year,DSL,Electronic check,4,No,No,0,No,No,No
C2224,17,90.64,1532.72,Month-to-month,No,Credit card,4,Yes,Yes,0,Yes,No,Yes
C2008,25,66.22,1608.27,Month-to-month,No,Electronic check,1,Yes,No,0,No,Yes,No
C3402,12,58.42,578.56,Month-to-month,No,Mailed check,1,No,Yes,0,No,No,No
C2849,25,73.58,1926.86,Month-to-month,Fiber optic,Electronic check,1,No,No,0,No,Yes,No
C2691,19,73.65,1432.16,Two year,Fiber optic,Credit card,1,No,No,1,No,Yes,No
C1059,3,62.84,199.71,Month-to-month,No,Mailed check,1,No,Yes,0,No,Yes,No
C1362,29,73.62,2178.23,Month-to-month,Fiber optic,Bank transfer,4,Yes,No,0,Yes,Yes,Yes
C3668,23,59.43,1434.6,Two year,Fiber optic,Mailed check,0,Yes,No,0,Yes,Yes,No
C1911,1,64.26,44.02,Month-to-month,No,Mailed check,1,No,No,0,No,Yes,No
C3473,49,52.91,2620.99,Month-to-month,Fiber optic,Bank transfer,1,Yes,No,0,Yes,Yes,No
C2884,32,73.89,2333.87,Month-to-month,No,Credit card,1,Yes,Yes,1,Yes,Yes,Yes
C1626,50,51.19,2559.47,One year,DSL,Electronic check,1,No,No,0,No,No,No
C1942,59,107.07,6320.55,Two year,Fiber optic,Mailed check,1,Yes,No,0,Yes,No,No
C2647,44,51.76,2352.11,One year,No,Credit card,2,No,No,1,Yes,No,No
C3818,15,43.59,711.06,Month-to-month,No,Credit card,0,No,No,0,Yes,Yes,No
C1173,22,44.46,996.86,One year,DSL,Bank transfer,2,Yes,No,1,Yes,No,No
C2979,60,82.31,4910.08,Month-to-month,No,Electronic check,1,No,Yes,0,Yes,No,No
C2000,61,50.59,3162.8,Month-to-month,No,Credit card,2,No,Yes,0,No,Yes,No
C3959,67,82.2,5459.95,Month-to-month,Fiber optic,Mailed check,1,Yes,Yes,0,Yes,No,No
C1597,52,26.91,1437.5,One year,DSL,Mailed check,0,No,Yes,0,Yes,Yes,No
C1183,53,52.97,2829.29,Two year,Fiber optic,Credit card,1,Yes,Yes,0,Yes,No,No
C2399,24,82.04,2002.02,Month-to-month,No,Bank transfer,0,No,No,0,No,Yes,No
C1293,46,61.93,2839.47,Month-to-month,DSL,Bank transfer,1,Yes,Yes,1,No,No,No
C2083,57,51.7,2979.38,Month-to-month,Fiber optic,Bank transfer,0,No,No,0,Yes,Yes,Yes
C1544,65,55.87,3602.36,One year,Fiber optic,Electronic check,0,No,No,0,Yes,No,Yes
C3292,13,77.11,984.07,One year,No,Electronic check,1,Yes,Yes,0,Yes,No,No
C3406,12,15.0,273.27,Month-to-month,DSL,Electronic check,2,No,No,0,Yes,Yes,No
C1549,12,77.6,961.78,Month-to-month,Fiber optic,Mailed check,0,No,No,0,Yes,Yes,Yes
C3257,11,42.04,452.86,Two year,DSL,Bank transfer,2,No,No,0,Yes,Yes,No
C2542,34,49.97,1646.81,Month-to-month,Fiber optic,Credit card,2,No,Yes,0,No,Yes,No
C3017,8,95.8,777.6,One year,DSL,Credit card,0,No,Yes,0,Yes,Yes,Yes
C3037,59,69.48,4089.18,Month-to-month,No,Electronic check,2,No,No,0,Yes,No,No
C3581,38,71.82,2726.2,Two year,Fiber optic,Mailed check,0,Yes,No,1,No,Yes,No
C2934,6,48.74,211.92,Month-to-month,No,Mailed check,0,Yes,No,0,No,Yes,Yes
C3207,11,80.53,880.92,Month-to-month,Fiber optic,Credit card,1,Yes,Yes,0,No,No,Yes
C1303,47,56.52,2626.35,One year,No,Credit card,1,No,No,0,Yes,Yes,No
C2181,59,32.16,1777.3,Two year,Fiber optic,Bank transfer,2,No,No,1,Yes,Yes,No
C3721,3,93.45,202.68,Month-to-month,Fiber optic,Credit card,0,Yes,No,1,No,Yes,Yes
C2852,11,71.37,808.65,Month-to-month,Fiber optic,Electronic check,0,Yes,No,0,Yes,Yes,No
C1558,39,56.68,2191.59,Month-to-month,DSL,Mailed check,0,Yes,Yes,1,No,Yes,Yes
C3343,25,69.15,1752.18,Two year,No,Electronic check,4,Yes,No,0,No,Yes,No
C3582,40,87.52,3454.22,Month-to-month,No,Credit card,3,Yes,No,0,No,Yes,Yes
C3155,67,101.4,6791.86,Two year,Fiber optic,Credit card,3,No,No,0,Yes,No,No
C3086,43,71.97,3099.9,Two year,DSL,Mailed check,4,No,No,1,Yes,No,No
C1391,1,69.6,48.48,Two year,Fiber optic,Credit card,0,Yes,No,0,No,Yes,No
C2695,68,52.71,3565.79,Two year,Fiber optic,Bank transfer,3,No,No,0,Yes,No,No
C2630,17,73.56,1173.68,Two year,Fiber optic,Electronic check,3,No,Yes,0,No,Yes,No
C3512,12,40.19,505.06,One year,DSL,Bank transfer,2,Yes,Yes,1,Yes,No,No
C1038,17,83.56,1416.98,Two year,Fiber optic,Mailed check,1,No,Yes,0,No,Yes,Yes
C3605,4,57.69,168.62,One year,Fiber optic,Electronic check,1,Yes,No,1,No,Yes,Yes
C1361,47,45.32,2110.56,Month-to-month,No,Electronic check,0,No,Yes,0,Yes,No,Yes
C1356,17,85.14,1360.45,One year,DSL,Electronic check,2,No,No,0,Yes,No,No
C1091,22,77.4,1737.05,One year,DSL,Mailed check,2,Yes,Yes,0,No,Yes,No
C2982,4,56.92,228.04,Two year,Fiber optic,Electronic check,0,No,Yes,1,No,Yes,No
C3638,63,73.75,4663.26,Month-to-month,DSL,Electronic check,1,No,No,0,No,Yes,Yes
C1073,16,85.37,1360.76,Two year,DSL,Bank transfer,0,Yes,Yes,1,Yes,Yes,No
C1229,67,80.1,5454.41,Two year,DSL,Bank transfer,0,No,No,0,Yes,Yes,No
C1895,60,83.74,5023.62,Two year,Fiber optic,Mailed check,1,Yes,Yes,0,Yes,Yes,No
C3198,10,74.98,746.03,Month-to-month,DSL,Electronic check,1,Yes,No,0,No,No,Yes
C1785,67,57.38,3819.46,Two year,DSL,Mailed check,0,No,Yes,0,No,Yes,No
C1082,40,66.3,2604.21,Month-to-month,Fiber optic,Mailed check,1,Yes,No,0,No,No,Yes
C2414,70,70.95,5010.71,Month-to-month,Fiber optic,Credit card,1,Yes,Yes,1,Yes,Yes,Yes
C2917,22,73.5,1597.16,Two year,DSL,Bank transfer,2,No,Yes,0,No,Yes,No
C1272,13,71.15,893.35,Two year,Fiber optic,Credit card,1,No,No,0,Yes,Yes,No
C3188,46,58.51,2654.53,One year,DSL,Mailed check,1,No,No,0,No,Yes,Yes
C3579,7,61.32,508.2,Two year,DSL,Bank transfer,0,Yes,No,0,Yes,Yes,No
C3133,10,91.8,911.24,Two year,Fiber optic,Electronic check,2,No,Yes,1,No,Yes,Yes
C1768,70,71.64,4962.98,Month-to-month,Fiber optic,Credit card,1,No,No,0,Yes,No,No
C2208,5,43.4,166.69,One year,No,Bank transfer,1,No,Yes,0,No,Yes,No
C1446,66,52.68,3454.04,Two year,DSL,Bank transfer,1,No,No,0,Yes,No,No
C1661,15,49.67,708.63,One year,Fiber optic,Bank transfer,0,Yes,Yes,1,No,Yes,No
C2549,35,49.0,1727.3,Month-to-month,Fiber optic,Electronic check,2,No,No,0,No,Yes,Yes
C2199,27,67.38,1784.68,Month-to-month,Fiber optic,Electronic check,2,No,No,0,Yes,Yes,Yes
C2739,2,44.04,22.99,Two year,Fiber optic,Bank transfer,1,No,Yes,0,Yes,No,No
C2735,34,85.74,2896.34,Month-to-month,DSL,Mailed check,1,Yes,No,0,Yes,No,No
C3792,60,45.1,2753.84,Two year,DSL,Electronic check,0,Yes,No,0,Yes,Yes,No
C1660,40,55.85,2291.08,Month-to-month,No,Credit card,1,No,No,1,Yes,No,No
C2480,63,84.04,5345.16,One year,Fiber optic,Mailed check,0,Yes,No,0,Yes,Yes,No
C2844,10,62.21,599.59,One year,Fiber optic,Credit card,0,No,No,0,Yes,No,No
C2263,48,88.28,4288.3,Month-to-month,Fiber optic,Mailed check,1,Yes,No,1,Yes,Yes,No
C3728,62,71.85,4421.84,Month-to-month,No,Credit card,1,No,No,0,Yes,Yes,Yes
C3019,37,49.31,1778.18,Month-to-month,DSL,Bank transfer,2,Yes,No,0,No,No,Yes
C2435,47,68.42,3227.0,Month-to-month,Fiber optic,Bank transfer,1,Yes,Yes,0,No,No,Yes
C2806,2,31.87,152.41,One year,DSL,Electronic check,0,Yes,No,0,No,Yes,No
C3975,19,81.57,1619.36,Two year,DSL,Credit card,3,Yes,No,1,No,Yes,No
C3834,71,70.1,5056.52,Month-to-month,DSL,Credit card,1,Yes,No,0,No,No,No
C3206,70,51.55,3637.45,Month-to-month,DSL,Electronic check,1,No,No,0,No,No,Yes
C1448,49,101.69,5004.19,Month-to-month,DSL,Mailed check,1,No,No,0,No,Yes,No
C1212,44,65.08,2801.45,Month-to-month,DSL,Bank transfer,4,No,No,0,Yes,No,No
C2403,7,55.22,357.44,Two year,Fiber optic,Mailed check,2,Yes,No,0,No,Yes,No
C1802,43,54.98,2420.54,One year,No,Bank transfer,0,Yes,No,0,No,Yes,No
C2297,26,54.65,1413.98,Month-to-month,Fiber optic,Mailed check,3,No,Yes,0,No,Yes,No
C2752,42,89.94,3862.37,Month-to-month,DSL,Credit card,4,Yes,No,1,No,No,Yes
C3629,61,65.5,3957.81,Month-to-month,No,Bank transfer,0,Yes,Yes,0,No,No,Yes
C3907,53,75.33,4079.97,Month-to-month,DSL,Credit card,1,No,No,0,No,Yes,No
C3453,12,65.54,784.73,One year,Fiber optic,Electronic check,1,No,No,0,No,Yes,No
C3738,42,72.45,3040.87,Month-to-month,Fiber optic,Bank transfer,3,Yes,Yes,0,No,Yes,Yes
C2710,59,80.99,4762.0,Month-to-month,DSL,Electronic check,1,No,Yes,0,No,No,Yes
C3752,3,54.78,143.62,Two year,Fiber optic,Bank transfer,1,No,No,0,No,No,No
C2683,53,51.58,2797.51,Month-to-month,Fiber optic,Bank transfer,1,Yes,No,0,No,Yes,Yes
C2563,58,40.41,2309.63,Month-to-month,Fiber optic,Electronic check,1,No,No,1,No,Yes,Yes
C3393,27,27.82,687.96,Two year,Fiber optic,Credit card,3,Yes,No,0,Yes,No,No
C1440,1,99.01,21.62,Two year,DSL,Credit card,1,No,No,0,Yes,Yes,No
C3305,34,86.62,3024.58,Two year,DSL,Mailed check,1,Yes,No,0,Yes,No,No
C3648,39,52.76,,Two year,Fiber optic,Bank transfer,1,Yes,Yes,0,Yes,No,No
C2504,11,59.49,639.68,Two year,No,Mailed check,3,Yes,No,0,No,No,No
C3918,33,103.14,3409.91,Two year,DSL,Bank transfer,2,No,No,0,No,Yes,No
C3854,21,62.42,1343.71,Month-to-month,Fiber optic,Mailed check,6,Yes,No,0,No,Yes,No
C1407,65,55.53,3585.76,Month-to-month,DSL,Mailed check,1,No,No,0,Yes,No,No
C2424,9,40.33,320.74,Two year,Fiber optic,Bank transfer,0,No,Yes,0,No,Yes,No
C2464,17,65.62,1021.13,One year,Fiber optic,Bank transfer,1,No,Yes,0,Yes,Yes,Yes
C3118,7,57.12,348.96,Two year,DSL,Mailed check,1,No,Yes,1,No,No,No
C2475,1,117.21,188.31,Month-to-month,DSL,Electronic check,2,Yes,Yes,0,Yes,Yes,No
C3535,17,75.43,1222.39,Month-to-month,No,Mailed check,3,No,Yes,0,No,No,Yes
C1729,35,64.02,2232.38,Month-to-month,Fiber optic,Mailed check,3,Yes,No,0,No,Yes,Yes
C3256,21,84.14,1861.3,Month-to-month,DSL,Electronic check,2,No,Yes,1,No,Yes,No
C1693,36,60.03,2282.54,Month-to-month,No,Mailed check,1,Yes,No,0,No,Yes,No
C2772,15,64.49,989.51,Two year,No,Credit card,1,No,No,0,Yes,Yes,No
C3342,47,25.3,1220.22,Two year,DSL,Bank transfer,1,No,No,0,Yes,No,Yes
C1285,49,95.87,4639.43,Month-to-month,No,Credit card,0,Yes,No,0,No,Yes,No
C2119,15,19.86,308.88,Two year,Fiber optic,Credit card,0,Yes,No,0,Yes,Yes,No
C1910,39,64.49,2479.12,One year,DSL,Electronic check,0,No,Yes,0,No,Yes,No
C2127,24,90.47,2158.77,Month-to-month,No,Mailed check,0,No,No,0,Yes,Yes,No
C3369,19,76.55,1544.22,Two year,DSL,Bank transfer,1,Yes,No,0,No,Yes,No
C2300,18,81.97,1474.33,Two year,Fiber optic,Credit card,1,Yes,No,0,Yes,Yes,No
C2721,60,50.97,3041.82,Month-to-month,DSL,Mailed check,0,Yes,No,0,No,Yes,Yes
C2009,49,67.69,3421.57,One year,DSL,Electronic check,0,No,Yes,0,Yes,No,No
C2217,45,82.22,3776.68,Month-to-month,DSL,Electronic check,1,Yes,No,0,No,No,No
C3688,38,66.55,2555.58,Month-to-month,Fiber optic,Credit card,2,No,No,0,Yes,No,Yes
C1349,37,83.0,3077.28,Month-to-month,Fiber optic,Bank transfer,1,Yes,No,1,No,Yes,Yes
C3699,7,87.42,499.68,Month-to-month,Fiber optic,Bank transfer,0,Yes,Yes,1,Yes,No,No
C3840,55,51.02,2813.86,Month-to-month,DSL,Electronic check,1,No,Yes,0,No,No,Yes
C3790,62,117.67,7276.83,Month-to-month,DSL,Electronic check,1,No,Yes,0,Yes,Yes,Yes
C2734,60,35.91,2172.35,Month-to-month,No,Credit card,2,No,No,0,Yes,No,No
C2507,66,61.74,4142.37,One year,Fiber optic,Mailed check,2,Yes,Yes,0,No,Yes,No
C2494,24,36.74,852.91,Month-to-month,DSL,Bank transfer,1,Yes,No,0,Yes,Yes,No
C2966,56,63.14,3575.51,Month-to-month,Fiber optic,Credit card,4,Yes,No,1,Yes,No,No
C3225,1,80.73,41.34,Month-to-month,Fiber optic,Mailed check,0,No,No,0,Yes,No,Yes
C3228,60,72.72,4383.12,Month-to-month,Fiber optic,Bank transfer,0,No,No,0,No,Yes,Yes
C1602,31,53.82,1626.42,Month-to-month,Fiber optic,Electronic check,1,No,No,0,Yes,Yes,Yes
C2392,32,69.83,2145.86,One year,DSL,Electronic check,0,No,No,0,Yes,Yes,No
C2686,64,42.42,2658.9,Month-to-month,DSL,Bank transfer,2,No,No,0,Yes,Yes,No
C2696,7,86.68,529.39,Month-to-month,DSL,Bank transfer,1,No,No,0,No,No,Yes
C2764,58,69.73,3979.96,Month-to-month,Fiber optic,Electronic check,1,Yes,Yes,1,No,Yes,Yes
C3586,1,61.29,7.82,Month-to-month,DSL,Mailed check,1,Yes,No,0,No,No,Yes
C2031,56,67.34,3870.46,Month-to-month,DSL,Credit card,1,No,No,0,Yes,No,Yes
C2037,6,106.08,614.61,Two year,Fiber optic,Bank transfer,1,No,No,0,No,No,Yes
C1319,8,41.43,282.85,Month-to-month,No,Bank transfer,0,No,Yes,0,No,No,No
C1515,46,53.02,2449.86,Two year,Fiber optic,Bank transfer,2,No,No,0,Yes,Yes,No
C3878,5,54.17,329.13,Two year,No,Credit card,1,No,No,0,No,Yes,Yes
C1510,65,49.0,3199.09,Month-to-month,DSL,Electronic check,1,No,No,1,Yes,No,Yes
C2361,21,50.75,1100.18,Two year,Fiber optic,Bank transfer,1,Yes,No,0,Yes,Yes,No
C3242,44,84.73,3717.5,Month-to-month,DSL,Electronic check,0,Yes,No,1,Yes,Yes,No
C2850,46,79.99,3729.41,Two year,No,Credit card,2,Yes,Yes,1,No,Yes,No
C2130,28,95.19,2728.91,Month-to-month,Fiber optic,Mailed check,2,Yes,Yes,0,No,Yes,Yes
C3913,53,86.33,4535.77,Month-to-month,Fiber optic,Credit card,0,No,No,0,Yes,Yes,Yes
C3278,67,34.31,2407.51,Month-to-month,DSL,Electronic check,1,Yes,No,0,Yes,Yes,No
C3328,15,68.32,1075.0,One year,DSL,Credit card,1,Yes,No,0,No,Yes,Yes
C2707,34,31.36,996.12,Two year,DSL,Mailed check,0,No,Yes,0,Yes,Yes,No
C2784,44,60.36,2590.75,Two year,Fiber optic,Mailed check,0,No,Yes,0,Yes,Yes,No
C1355,18,74.43,1374.82,Month-to-month,DSL,Credit card,2,No,No,0,Yes,Yes,Yes
C2092,69,87.97,6059.22,One year,DSL,Bank transfer,1,No,No,0,Yes,No,Yes
C1050,68,75.55,5104.83,Month-to-month,No,Electronic check,2,No,No,0,Yes,Yes,No
C3619,57,66.07,3777.77,Month-to-month,Fiber optic,Credit card,3,Yes,No,0,Yes,Yes,Yes
C3930,47,56.39,2734.09,Two year,DSL,Electronic check,2,No,No,0,Yes,Yes,No
C1062,22,57.82,1195.51,One year,DSL,Mailed check,1,No,No,0,No,Yes,No
C2501,2,57.81,196.7,One year,Fiber optic,Bank transfer,0,Yes,No,1,Yes,No,No
C2942,38,60.62,2244.84,Month-to-month,DSL,Bank transfer,1,No,No,0,No,No,No
C3178,21,16.8,323.54,Month-to-month,No,Credit card,1,Yes,No,1,No,Yes,No
C2506,57,77.2,4351.58,Two year,DSL,Bank transfer,0,No,Yes,0,Yes,Yes,No
C3491,28,41.76,1118.36,One year,Fiber optic,Bank transfer,1,Yes,No,1,Yes,Yes,No
C3928,20,59.41,1211.74,Two year,DSL,Credit card,2,No,No,0,No,No,No
C2937,43,79.7,3375.66,One year,Fiber optic,Bank transfer,0,No,No,0,Yes,Yes,No
C1615,55,87.99,4790.8,One year,DSL,Mailed check,2,No,Yes,0,Yes,Yes,No
C2349,70,57.48,3957.23,Month-to-month,Fiber optic,Mailed check,2,Yes,No,0,No,Yes,Yes
C2167,62,99.76,6244.55,Two year,Fiber optic,Credit card,1,No,No,0,Yes,Yes,No
C1412,43,66.67,2885.66,Month-to-month,No,Credit card,2,No,Yes,0,No,Yes,No
C3518,47,93.75,4396.37,Month-to-month,DSL,Electronic check,1,No,No,0,Yes,Yes,No
C1888,39,55.94,2212.61,Two year,DSL,Bank transfer,3,No,No,0,No,No,No
C3702,37,70.64,2648.67,Month-to-month,DSL,Credit card,4,Yes,No,0,No,No,Yes
C3495,59,55.32,3247.91,Two year,Fiber optic,Credit card,2,No,No,0,No,No,Yes
C2621,52,75.46,3967.99,Month-to-month,No,Bank transfer,1,No,No,0,Yes,Yes,No
C1590,33,70.96,2300.88,Month-to-month,DSL,Credit card,0,No,Yes,0,No,Yes,Yes
C3666,27,69.09,1759.41,Month-to-month,Fiber optic,Credit card,1,No,Yes,0,No,Yes,No
C2813,21,73.05,1435.73,Month-to-month,Fiber optic,Electronic check,2,Yes,No,0,Yes,Yes,Yes
C1083,4,30.75,69.3,Month-to-month,No,Credit card,1,No,Yes,0,No,No,Yes
C2796,62,92.41,5780.48,Month-to-month,Fiber optic,Electronic check,0,No,No,0,No,Yes,Yes
C3838,23,47.99,1042.3,Two year,Fiber optic,Credit card,2,Yes,No,0,No,Yes,No
C3147,35,79.39,2738.11,Two year,No,Electronic check,1,Yes,No,0,Yes,No,No
C1692,56,31.95,1795.97,One year,Fiber optic,Electronic check,2,Yes,No,1,Yes,Yes,No
C1695,50,56.88,2860.67,One year,DSL,Credit card,2,No,Yes,0,Yes,No,No
C2598,27,74.71,2028.46,Month-to-month,No,Electronic check,1,No,Yes,0,Yes,Yes,No
C1400,42,56.42,2393.05,One year,DSL,Credit card,1,Yes,Yes,0,Yes,Yes,No
C2218,64,67.29,4326.29,Two year,Fiber optic,Credit card,0,No,No,0,No,Yes,No
C3847,24,83.21,1957.99,One year,Fiber optic,Credit card,1,Yes,Yes,0,No,No,Yes
C1613,12,99.34,1158.65,Month-to-month,No,Electronic check,1,Yes,Yes,0,No,Yes,No
C3258,67,30.21,1968.67,One year,No,Credit card,1,No,No,0,Yes,Yes,No
C3194,44,42.82,1847.08,Two year,Fiber optic,Credit card,4,No,No,0,No,Yes,Yes
C3714,24,77.09,1850.0,Two year,Fiber optic,Credit card,0,No,No,0,No,Yes,Yes
C3870,48,68.16,3279.78,Two year,Fiber optic,Mailed check,4,No,No,0,No,Yes,No
C2654,59,55.25,3327.53,Month-to-month,Fiber optic,Credit card,2,No,Yes,0,No,No,Yes
C1245,16,60.74,990.85,One year,Fiber optic,Bank transfer,0,No,Yes,0,No,Yes,No
C1222,6,52.2,412.01,Month-to-month,Fiber optic,Credit card,1,Yes,Yes,0,Yes,No,Yes
C1611,48,103.66,4913.49,Two year,DSL,Credit card,2,No,Yes,0,No,No,No
C2879,20,93.06,1821.74,Month-to-month,Fiber optic,Bank transfer,2,Yes,Yes,0,Yes,No,No
C1374,6,40.02,266.61,Month-to-month,No,Bank transfer,0,Yes,Yes,0,No,Yes,Yes
C1763,59,59.77,3501.46,Two year,Fiber optic,Mailed check,3,No,No,0,Yes,No,No
C2070,17,85.95,1566.1,Month-to-month,DSL,Bank transfer,1,Yes,No,1,Yes,Yes,No
C1697,11,69.5,694.94,Month-to-month,No,Mailed check,3,Yes,No,0,No,No,Yes
C2155,66,59.95,3999.24,One year,DSL,Credit card,1,No,No,0,Yes,Yes,No
C1741,4,68.57,215.74,One year,DSL,Electronic check,0,No,Yes,1,No,Yes,No
C1991,31,63.93,2064.5,One year,No,Credit card,1,Yes,Yes,0,Yes,No,No
C2659,38,71.01,2678.46,Month-to-month,Fiber optic,Credit card,1,Yes,No,0,No,Yes,No
C3214,65,105.45,6824.73,Month-to-month,Fiber optic,Credit card,2,Yes,No,1,No,No,Yes
C2132,32,40.81,1289.38,Month-to-month,No,Mailed check,1,No,Yes,0,Yes,Yes,No
C1749,37,43.04,1656.63,Two year,Fiber optic,Mailed check,1,Yes,Yes,1,No,No,No
C3145,39,86.81,3433.18,One year,Fiber optic,Mailed check,0,No,No,0,Yes,No,Yes
C3842,33,59.04,2022.5,Month-to-month,No,Credit card,1,Yes,No,0,No,Yes,No
C2802,1,87.76,82.77,One year,DSL,Bank transfer,1,No,No,0,No,Yes,No
C3176,22,73.3,1616.42,Month-to-month,Fiber optic,Bank transfer,1,No,Yes,1,No,Yes,No
C3552,51,64.68,3316.07,Two year,Fiber optic,Mailed check,1,No,No,0,Yes,Yes,No
C1808,9,100.34,966.54,Month-to-month,DSL,Credit card,1,No,No,0,Yes,No,No
C2234,20,108.04,2141.41,Month-to-month,DSL,Credit card,2,No,No,0,No,No,No
C3173,17,62.28,1070.45,Month-to-month,Fiber optic,Bank transfer,2,Yes,No,0,Yes,Yes,No
C2732,60,63.75,3809.63,Month-to-month,No,Mailed check,1,Yes,No,0,Yes,No,No
C3377,45,76.41,3352.99,One year,DSL,Mailed check,2,No,No,1,Yes,No,No
C1908,34,49.0,1736.67,One year,No,Credit card,2,No,No,0,No,No,Yes
C1838,31,67.23,2114.24,Month-to-month,DSL,Mailed check,0,Yes,Yes,1,Yes,No,Yes
C1605,45,60.51,2734.49,Month-to-month,DSL,Bank transfer,0,No,No,0,Yes,Yes,Yes
C1490,9,33.24,306.53,Month-to-month,DSL,Credit card,0,Yes,No,0,No,Yes,Yes
C1289,68,42.47,2927.85,Two year,DSL,Electronic check,0,Yes,No,1,Yes,Yes,No
C1464,45,67.91,3087.01,Month-to-month,Fiber optic,Electronic check,2,No,No,1,Yes,Yes,Yes
C2453,44,67.69,2932.3,One year,Fiber optic,Electronic check,3,Yes,No,0,No,Yes,No
C1566,5,66.5,304.42,One year,DSL,Electronic check,1,Yes,No,0,No,Yes,Yes
C3610,44,80.98,3533.18,One year,DSL,Electronic check,2,No,No,0,Yes,No,No
C3007,9,101.03,792.79,Month-to-month,DSL,Electronic check,1,No,Yes,0,No,Yes,Yes
C3644,46,59.61,2757.44,One year,DSL,Bank transfer,1,No,No,0,Yes,Yes,Yes
C3143,20,32.44,627.11,Month-to-month,DSL,Electronic check,1,No,Yes,0,Yes,Yes,Yes
C2769,63,69.83,4380.16,Two year,DSL,Bank transfer,1,Yes,No,0,No,Yes,No
C2344,4,67.94,262.91,Two year,DSL,Bank transfer,1,Yes,No,0,No,Yes,No
C3539,30,56.28,1740.1,Month-to-month,Fiber optic,Mailed check,4,No,No,0,Yes,No,Yes
C3924,45,100.27,4596.42,Two year,DSL,Bank transfer,1,Yes,Yes,0,No,Yes,No
C2645,14,30.17,493.56,Two year,Fiber optic,Electronic check,1,No,No,0,Yes,Yes,No
C3371,35,59.79,2106.79,Two year,No,Bank transfer,1,No,No,1,No,No,No
C2171,42,47.29,1892.12,Two year,DSL,Credit card,2,No,No,0,Yes,No,No
C3382,2,58.9,169.41,Two year,Fiber optic,Mailed check,1,Yes,Yes,0,Yes,Yes,Yes
C3003,52,77.52,4027.3,Month-to-month,No,Credit card,2,Yes,No,0,Yes,Yes,No
C3140,47,74.78,3471.49,Two year,Fiber optic,Bank transfer,0,Yes,Yes,0,No,Yes,No
C3246,38,80.03,3047.57,Month-to-month,Fiber optic,Electronic check,2,No,No,1,Yes,No,Yes
C3341,20,47.09,948.32,Month-to-month,Fiber optic,Bank transfer,2,Yes,No,0,Yes,Yes,No
C2457,21,55.94,1220.63,Month-to-month,DSL,Mailed check,3,No,No,0,Yes,No,Yes
C2293,55,51.82,2845.84,Month-to-month,Fiber optic,Credit card,1,No,No,0,No,Yes,Yes
C2036,34,72.87,2478.62,Month-to-month,DSL,Mailed check,1,No,No,1,Yes,No,Yes
C2999,24,85.09,2026.2,Month-to-month,No,Bank transfer,0,No,No,0,No,No,Yes
C1730,70,61.2,4295.51,Two year,DSL,Mailed check,0,Yes,Yes,0,Yes,Yes,No
C3741,16,65.16,1052.73,One year,DSL,Bank transfer,1,No,No,0,No,Yes,No
C1554,66,70.43,4605.51,One year,DSL,Bank transfer,1,No,No,0,No,Yes,Yes
C3938,62,65.95,4138.68,Two year,DSL,Bank transfer,1,Yes,Yes,0,Yes,Yes,No
C1637,39,31.68,1267.64,Month-to-month,DSL,Bank transfer,1,No,No,0,Yes,No,No
C3627,66,64.18,4224.91,Two year,DSL,Credit card,0,Yes,Yes,0,Yes,No,No
C2547,58,67.65,3890.92,Two year,Fiber optic,Mailed check,0,No,No,0,Yes,Yes,No
C3047,50,68.24,3423.57,Month-to-month,Fiber optic,Bank transfer,2,Yes,No,0,No,Yes,No
C3073,13,58.5,692.84,One year,DSL,Bank transfer,2,No,No,1,Yes,Yes,No
C2404,9,22.62,139.79,Two year,DSL,Mailed check,0,No,No,1,Yes,Yes,No
C3893,12,61.27,712.31,Month-to-month,DSL,Mailed check,1,Yes,No,0,No,Yes,No
C1932,38,80.91,3006.96,Month-to-month,DSL,Credit card,1,No,Yes,0,No,Yes,No
C2097,2,42.13,96.15,Month-to-month,DSL,Electronic check,0,Yes,Yes,0,Yes,No,Yes
C2529,60,81.7,5009.29,Month-to-month,Fiber optic,Mailed check,0,No,No,0,No,No,No
C3160,53,75.47,4065.35,Month-to-month,Fiber optic,Bank transfer,1,No,No,0,Yes,No,No
C3591,59,78.51,4641.97,One year,DSL,Electronic check,1,No,No,1,No,Yes,Yes
C3087,50,72.2,,Month-to-month,Fiber optic,Bank transfer,1,No,No,0,No,No,No
C3846,60,96.28,5766.62,Two year,No,Mailed check,2,Yes,Yes,0,No,Yes,No
C3299,62,28.16,1754.22,Month-to-month,Fiber optic,Mailed check,2,No,No,0,No,No,No
C1081,51,55.24,2875.9,Two year,Fiber optic,Mailed check,1,No,No,1,No,No,Yes
C3115,62,80.78,5027.67,Month-to-month,Fiber optic,Credit card,0,Yes,No,0,Yes,No,No
C3054,71,45.2,3227.88,Month-to-month,No,Electronic check,0,No,Yes,0,Yes,Yes,No
C1649,60,93.66,5495.54,Two year,Fiber optic,Mailed check,0,No,No,0,Yes,Yes,No
C3819,6,79.0,485.68,Two year,Fiber optic,Credit card,1,No,No,0,Yes,No,Yes
C1493,68,69.27,4696.84,Month-to-month,Fiber optic,Credit card,1,No,No,0,No,No,Yes
C1899,21,73.01,1493.99,Month-to-month,Fiber optic,Bank transfer,0,No,Yes,0,Yes,No,No
C2670,44,68.28,3016.91,One year,Fiber optic,Credit card,2,No,No,0,Yes,No,No
C1106,6,58.06,287.55,Month-to-month,Fiber optic,Mailed check,2,Yes,Yes,0,Yes,Yes,Yes
C2821,13,39.33,533.67,One year,No,Electronic check,0,Yes,No,0,No,No,No
C3506,26,73.18,1932.34,Two year,DSL,Electronic check,0,Yes,Yes,0,Yes,Yes,No
C2674,39,76.73,3033.41,Month-to-month,No,Credit card,1,No,No,0,Yes,Yes,No
C1885,55,52.3,2851.16,Two year,No,Mailed check,4,Yes,No,0,Yes,Yes,No
C3804,34,50.91,1766.1,Month-to-month,DSL,Credit card,0,Yes,Yes,0,Yes,Yes,No
C2460,15,71.11,1065.88,One year,DSL,Credit card,1,Yes,Yes,0,No,Yes,No
C3562,40,58.17,2295.04,Month-to-month,DSL,Electronic check,1,Yes,Yes,0,Yes,No,Yes
C2303,71,80.98,5783.55,Two year,Fiber optic,Credit card,2,No,No,1,No,No,Yes
C2493,44,59.92,2561.45,One year,Fiber optic,Electronic check,1,No,No,0,Yes,No,No
C3375,22,57.63,1266.85,Month-to-month,DSL,Credit card,0,No,No,0,No,No,No
C3418,21,61.04,1321.64,One year,Fiber optic,Bank transfer,2,No,No,1,Yes,Yes,Yes
C3563,59,53.85,3138.47,Month-to-month,Fiber optic,Bank transfer,1,No,No,0,Yes,Yes,No
C3215,30,70.32,2100.57,One year,Fiber optic,Credit card,2,No,No,0,Yes,Yes,No
C1168,47,99.73,4622.32,Month-to-month,Fiber optic,Bank transfer,2,Yes,Yes,1,No,Yes,No
C3072,23,66.23,1625.91,Month-to-month,Fiber optic,Electronic check,1,Yes,Yes,0,No,Yes,Yes
C1058,32,83.17,2646.05,Two year,Fiber optic,Bank transfer,3,No,No,1,Yes,Yes,No
C1463,38,71.31,2696.85,Month-to-month,DSL,Credit card,1,No,No,0,No,Yes,No
C1256,12,65.2,788.69,One year,Fiber optic,Credit card,2,No,No,0,Yes,Yes,Yes
C2156,36,62.28,2343.64,Month-to-month,Fiber optic,Mailed check,2,No,Yes,1,No,No,No
C1966,50,66.97,3296.78,Month-to-month,Fiber optic,Credit card,1,No,No,0,Yes,No,Yes
C1341,42,61.95,2553.99,Month-to-month,DSL,Electronic check,3,Yes,No,1,No,No,Yes
C2369,19,48.07,973.22,Month-to-month,DSL,Mailed check,0,Yes,Yes,0,No,Yes,Yes
C1981,32,34.3,1111.35,Two year,Fiber optic,Mailed check,0,No,No,0,Yes,Yes,No
C3837,4,83.58,364.44,Two year,Fiber optic,Electronic check,2,Yes,No,1,Yes,No,No
C2543,48,60.58,2871.12,Month-to-month,DSL,Electronic check,0,No,Yes,0,No,No,No
C1290,42,91.43,3792.82,Month-to-month,Fiber optic,Bank transfer,3,No,No,0,Yes,Yes,Yes
C2975,48,55.49,2617.73,One year,DSL,Credit card,1,No,No,0,No,Yes,No
C2503,44,53.37,2335.72,Month-to-month,Fiber optic,Electronic check,0,Yes,Yes,0,No,No,Yes
C2610,47,78.85,3771.43,Two year,Fiber optic,Credit card,1,No,No,1,No,Yes,No
C2026,9,63.08,573.32,Month-to-month,Fiber optic,Mailed check,0,No,No,1,No,No,Yes
C3286,68,85.57,5879.5,Month-to-month,DSL,Credit card,1,Yes,Yes,0,Yes,Yes,Yes
C2379,2,41.43,144.43,Month-to-month,Fiber optic,Electronic check,0,No,No,0,Yes,Yes,Yes
C1588,45,29.99,1281.54,One year,DSL,Mailed check,3,Yes,No,0,No,No,No
C1028,65,80.35,,Month-to-month,Fiber optic,Credit card,2,No,Yes,1,No,Yes,Yes
C1406,46,88.84,4072.6,Month-to-month,Fiber optic,Electronic check,2,Yes,No,0,Yes,No,Yes
C2165,5,79.5,460.96,Month-to-month,DSL,Mailed check,4,Yes,No,0,No,No,No
C1600,2,50.13,140.89,Month-to-month,DSL,Credit card,0,Yes,Yes,0,Yes,No,Yes
C3085,52,66.27,3544.83,Two year,Fiber optic,Mailed check,4,Yes,No,1,Yes,Yes,No
C2233,4,67.51,301.59,Month-to-month,DSL,Mailed check,2,No,No,0,No,Yes,Yes
C3106,54,80.2,4301.28,One year,DSL,Bank transfer,2,Yes,No,0,No,Yes,No
C2775,15,67.08,1034.54,Month-to-month,No,Mailed check,1,No,Yes,0,Yes,Yes,Yes
C3144,51,66.51,3412.57,Month-to-month,DSL,Electronic check,2,No,No,1,No,Yes,No
C1581,46,40.12,1877.74,Month-to-month,Fiber optic,Electronic check,1,Yes,No,0,Yes,Yes,Yes
C1393,18,50.04,,Month-to-month,DSL,Electronic check,1,Yes,Yes,0,No,No,No
C1709,42,60.72,2565.05,Two year,Fiber optic,Electronic check,1,No,Yes,0,No,No,No
C3002,33,21.06,779.54,One year,DSL,Mailed check,1,No,No,0,Yes,No,No
C1765,26,29.46,783.61,Month-to-month,Fiber optic,Electronic check,1,No,Yes,0,No,Yes,Yes
C2028,4,46.9,209.92,One year,No,Bank transfer,2,No,No,1,Yes,No,No
C1631,9,54.2,471.39,Month-to-month,No,Bank transfer,0,Yes,No,0,No,No,Yes
C3398,67,59.26,3975.4,Two year,DSL,Electronic check,1,No,Yes,0,No,Yes,No
C1688,22,64.39,1397.29,Month-to-month,No,Credit card,2,No,Yes,0,Yes,No,No
C2905,45,50.1,2268.11,Month-to-month,DSL,Bank transfer,0,No,No,0,No,Yes,No
C3835,13,34.86,447.68,Month-to-month,Fiber optic,Bank transfer,1,No,No,0,No,No,Yes
C2885,26,90.31,2252.27,Month-to-month,DSL,Electronic check,2,No,Yes,1,Yes,No,Yes
C1378,38,55.84,2175.3,Two year,Fiber optic,Electronic check,1,No,No,0,Yes,Yes,No
C3261,5,32.53,234.63,One year,Fiber optic,Mailed check,3,Yes,No,1,No,Yes,No
C3606,34,102.78,3571.55,Two year,No,Mailed check,0,Yes,No,0,Yes,No,No
C1112,22,27.22,603.72,Two year,DSL,Electronic check,1,No,Yes,0,No,Yes,No
C2380,69,90.31,6231.91,Month-to-month,No,Mailed check,1,Yes,No,0,Yes,No,Yes
C2169,26,58.3,1542.53,Month-to-month,Fiber optic,Mailed check,0,No,No,0,Yes,Yes,Yes
C1856,54,72.12,3920.49,Month-to-month,Fiber optic,Electronic check,2,Yes,No,0,No,No,No
C2897,53,52.23,2729.82,Two year,Fiber optic,Credit card,4,No,No,0,Yes,Yes,Yes
C1300,60,69.46,4141.38,Month-to-month,DSL,Mailed check,1,Yes,Yes,0,Yes,No,No
C2522,49,52.68,2520.83,Month-to-month,Fiber optic,Electronic check,0,Yes,No,0,Yes,No,Yes
C3196,7,35.69,240.0,Two year,Fiber optic,Mailed check,0,Yes,No,0,Yes,No,No
C3192,31,60.42,1827.32,Two year,DSL,Electronic check,1,Yes,No,0,No,Yes,No
C2455,14,89.05,1205.25,One year,DSL,Credit card,0,No,No,0,Yes,Yes,Yes
C2620,58,63.47,3714.9,Month-to-month,No,Credit card,1,Yes,Yes,0,Yes,No,No
C3314,68,68.08,4688.66,One year,No,Credit card,1,Yes,No,0,No,No,No
C3775,5,74.29,409.7,Month-to-month,DSL,Credit card,0,Yes,No,0,Yes,Yes,No
C1883,48,60.24,2969.33,Month-to-month,Fiber optic,Mailed check,1,No,No,0,Yes,Yes,No
C2041,6,70.76,367.89,One year,DSL,Mailed check,3,No,Yes,1,No,Yes,No
C3185,22,53.16,1142.77,One year,Fiber optic,Electronic check,1,No,Yes,1,Yes,No,Yes
C2437,52,93.22,4738.86,One year,No,Credit card,1,Yes,Yes,0,Yes,Yes,No
C2572,46,90.65,4224.41,Month-to-month,DSL,Electronic check,1,Yes,No,0,No,Yes,No
C3367,8,62.6,488.9,One year,DSL,Bank transfer,0,No,Yes,0,Yes,Yes,Yes
C1456,56,100.23,5592.5,Month-to-month,DSL,Bank transfer,4,No,No,0,Yes,Yes,Yes
C3135,26,63.9,1652.44,Month-to-month,No,Mailed check,1,Yes,No,1,Yes,No,Yes
C2818,65,88.69,5766.34,One year,Fiber optic,Electronic check,0,No,No,0,No,No,Yes
C3826,65,45.37,2937.17,Two year,No,Electronic check,5,No,Yes,0,Yes,No,No
C3692,12,73.35,958.42,Two year,Fiber optic,Bank transfer,1,No,Yes,0,Yes,Yes,No
C2038,20,45.27,801.31,One year,Fiber optic,Mailed check,1,No,No,0,No,Yes,Yes
C1573,44,61.29,2697.54,Two year,No,Credit card,2,No,No,0,Yes,Yes,No
C2648,31,49.44,1511.4,Month-to-month,DSL,Electronic check,2,No,No,0,No,Yes,Yes
C1892,15,80.13,1249.11,Two year,DSL,Mailed check,1,Yes,Yes,0,No,Yes,No
C1671,46,84.08,3844.67,Month-to-month,DSL,Bank transfer,1,No,No,0,Yes,Yes,No
C1215,57,65.87,3707.95,Month-to-month,No,Mailed check,2,No,No,0,Yes,Yes,No
C1128,17,69.09,1212.96,Two year,DSL,Bank transfer,4,No,Yes,0,Yes,Yes,No
C2771,54,69.32,3771.87,Month-to-month,No,Bank transfer,1,No,No,1,Yes,Yes,Yes
C1027,62,55.2,3383.54,Month-to-month,No,Credit card,1,No,Yes,0,No,Yes,No
C1528,59,25.83,1579.56,One year,Fiber optic,Credit card,1,No,No,0,Yes,Yes,Yes
C1195,34,56.56,2020.89,Month-to-month,Fiber optic,Electronic check,3,No,No,0,Yes,No,Yes
C3680,55,57.42,3149.1,Month-to-month,Fiber optic,Electronic check,3,No,No,0,No,Yes,Yes
C1792,25,78.94,1956.8,Month-to-month,Fiber optic,Credit card,0,Yes,No,0,Yes,No,Yes
C3663,15,61.13,913.26,One year,No,Electronic check,0,No,No,0,No,Yes,No
C1852,46,38.0,1757.32,Month-to-month,No,Bank transfer,1,No,Yes,0,No,No,Yes
C3742,66,36.97,2466.78,Month-to-month,DSL,Bank transfer,1,Yes,No,0,Yes,Yes,Yes
C2730,53,78.73,4115.13,One year,Fiber optic,Electronic check,1,No,No,1,No,Yes,Yes
C2698,58,50.43,2856.12,Two year,Fiber optic,Mailed check,1,No,No,0,No,Yes,No
C3546,71,50.26,3570.96,Month-to-month,Fiber optic,Mailed check,0,Yes,No,0,No,No,Yes
C1568,50,55.84,2782.6,Two year,No,Credit card,1,No,No,0,Yes,Yes,No
C1170,49,58.2,2878.45,Month-to-month,Fiber optic,Mailed check,1,Yes,No,0,No,No,Yes
C2020,50,76.25,3834.61,One year,No,Mailed check,1,No,Yes,0,Yes,Yes,No
C2993,7,84.25,565.13,One year,DSL,Mailed check,0,No,No,0,Yes,Yes,No
C1108,55,58.06,3127.6,Month-to-month,Fiber optic,Bank transfer,0,No,Yes,0,Yes,Yes,No
C2072,51,69.25,3497.68,Month-to-month,No,Electronic check,0,No,Yes,0,No,No,Yes
C1737,41,63.09,2557.75,One year,No,Electronic check,0,No,Yes,0,Yes,Yes,No
C3958,6,80.59,582.36,Two year,DSL,Electronic check,3,No,No,0,Yes,No,No
C3970,34,56.31,1923.69,Month-to-month,DSL,Credit card,1,No,Yes,0,No,Yes,Yes
C3482,68,82.56,5503.01,Month-to-month,DSL,Mailed check,0,No,No,0,Yes,Yes,No
C1221,6,83.06,532.65,Month-to-month,Fiber optic,Mailed check,1,Yes,No,0,No,Yes,No
C2577,41,61.14,2524.26,Two year,Fiber optic,Electronic check,3,No,Yes,0,Yes,No,No
C2548,71,62.29,4411.63,One year,Fiber optic,Mailed check,0,Yes,No,0,No,Yes,No
C2669,12,60.89,741.16,Month-to-month,Fiber optic,Electronic check,1,No,No,0,No,No,No
C1204,57,72.32,4049.31,One year,No,Credit card,1,No,Yes,0,No,No,No
C1460,64,74.65,4714.8,Month-to-month,Fiber optic,Mailed check,2,No,No,0,Yes,No,Yes
C1820,49,115.84,5644.07,Month-to-month,DSL,Credit card,2,No,Yes,0,Yes,Yes,Yes
C1488,53,72.79,3904.83,Two year,Fiber optic,Mailed check,1,No,Yes,0,No,Yes,No
C3687,51,67.18,3517.7,Month-to-month,Fiber optic,Mailed check,4,No,No,0,Yes,Yes,Yes
C1179,70,92.5,6384.94,Month-to-month,DSL,Mailed check,1,Yes,No,1,Yes,No,No
C2516,25,65.66,1648.04,Two year,DSL,Credit card,0,No,Yes,0,No,Yes,No
C3580,17,79.05,1261.75,Month-to-month,DSL,Mailed check,2,No,No,0,No,Yes,Yes
C2410,9,67.06,672.92,One year,Fiber optic,Mailed check,2,Yes,Yes,0,Yes,No,No
C2615,63,93.76,5897.91,Two year,DSL,Credit card,1,No,No,1,Yes,Yes,No
C1482,1,92.95,172.04,Month-to-month,DSL,Electronic check,1,No,No,1,Yes,Yes,Yes
C3788,27,54.13,1425.68,One year,Fiber optic,Electronic check,1,Yes,Yes,0,No,No,No
C2882,5,68.64,364.82,Month-to-month,DSL,Bank transfer,2,No,No,1,Yes,No,Yes
C1149,34,74.33,2521.58,Two year,DSL,Mailed check,3,No,No,0,No,Yes,Yes
C1967,67,57.92,3915.73,Month-to-month,Fiber optic,Bank transfer,0,No,Yes,0,No,Yes,Yes
C3543,25,72.28,1877.37,Two year,DSL,Credit card,2,Yes,No,1,No,Yes,No
C2673,31,59.73,1859.63,Month-to-month,DSL,Bank transfer,2,No,No,0,Yes,Yes,No
C1486,54,26.48,1401.4,Month-to-month,Fiber optic,Mailed check,2,No,Yes,1,No,No,Yes
C1640,32,54.65,1776.17,Month-to-month,Fiber optic,Electronic check,0,No,No,0,No,Yes,Yes
C1298,37,64.63,2342.54,Month-to-month,No,Electronic check,2,Yes,No,0,Yes,No,Yes
C1750,64,58.81,3782.54,Month-to-month,Fiber optic,Bank transfer,2,Yes,No,0,Yes,Yes,No
C2635,20,75.89,1518.58,One year,Fiber optic,Electronic check,0,No,Yes,0,Yes,No,No
C3251,6,67.66,461.56,One year,Fiber optic,Bank transfer,2,No,Yes,0,Yes,Yes,No
C1373,44,93.91,4070.39,Month-to-month,Fiber optic,Mailed check,2,No,No,0,No,Yes,No
C3499,20,82.97,1732.78,One year,DSL,Credit card,0,No,Yes,0,Yes,Yes,No
C2373,3,80.23,251.07,Month-to-month,Fiber optic,Electronic check,2,Yes,No,0,Yes,No,Yes
C2322,18,15.0,195.83,Two year,Fiber optic,Bank transfer,0,No,Yes,0,No,Yes,No
C1507,28,62.21,1835.46,One year,Fiber optic,Mailed check,0,No,No,0,No,No,No
C1764,32,84.64,2685.81,Two year,No,Bank transfer,3,Yes,Yes,0,No,No,No
C1425,58,82.52,4780.21,One year,DSL,Credit card,0,No,No,0,No,No,Yes
C3466,15,26.1,424.88,Month-to-month,Fiber optic,Mailed check,1,No,Yes,0,No,Yes,Yes
C3158,45,49.81,2184.22,One year,DSL,Credit card,2,Yes,No,0,No,No,No
C2722,11,64.98,709.96,Two year,Fiber optic,Credit card,2,Yes,No,1,No,No,No
C2120,9,57.21,540.81,Month-to-month,Fiber optic,Bank transfer,0,Yes,Yes,0,No,No,Yes
C1686,64,47.49,2976.77,One year,Fiber optic,Credit card,2,No,No,1,No,No,No
C2115,33,62.74,2077.56,Two year,Fiber optic,Electronic check,0,Yes,No,0,Yes,Yes,No
C3656,44,64.68,2868.98,Month-to-month,Fiber optic,Bank transfer,0,No,No,0,Yes,Yes,Yes
C3584,51,90.47,4565.78,One year,No,Bank transfer,3,No,Yes,0,No,No,No
C1901,66,51.82,3371.06,Month-to-month,Fiber optic,Mailed check,2,No,No,0,No,No,Yes
C1031,39,59.96,2329.23,Month-to-month,DSL,Bank transfer,1,No,No,1,No,No,Yes
C3031,48,69.58,3381.08,One year,Fiber optic,Mailed check,1,No,Yes,0,No,Yes,Yes
C2511,51,49.75,2539.12,Month-to-month,DSL,Electronic check,2,No,No,0,Yes,Yes,No
C3654,52,58.2,3017.77,Month-to-month,Fiber optic,Mailed check,4,Yes,Yes,1,Yes,Yes,Yes
C2790,41,81.79,3410.64,One year,Fiber optic,Bank transfer,0,Yes,No,0,No,No,No
C3530,7,55.81,436.3,Month-to-month,Fiber optic,Electronic check,2,Yes,Yes,0,Yes,Yes,No
C3494,20,66.83,1339.28,Month-to-month,No,Bank transfer,0,No,Yes,1,No,Yes,No
C1264,51,27.8,1379.65,Month-to-month,DSL,Electronic check,1,No,Yes,0,Yes,Yes,Yes
C1239,63,67.02,4372.31,One year,DSL,Bank transfer,2,Yes,No,0,Yes,No,No
C2943,1,60.76,122.58,Month-to-month,Fiber optic,Credit card,1,No,No,0,No,Yes,No
C2945,11,68.05,818.54,One year,DSL,Credit card,0,No,No,0,Yes,Yes,No
C1184,8,88.1,745.0,Month-to-month,DSL,Credit card,2,Yes,No,0,Yes,No,Yes
C2206,42,52.63,2169.98,Two year,No,Bank transfer,2,No,No,0,No,Yes,No
C3051,21,49.67,1085.94,One year,Fiber optic,Credit card,1,No,No,0,Yes,No,No
C3344,32,47.12,1530.12,Two year,Fiber optic,Mailed check,1,Yes,No,0,No,Yes,No
C3919,71,81.01,5738.44,Two year,No,Electronic check,0,No,Yes,1,No,Yes,No
C3941,53,87.03,4672.52,Month-to-month,Fiber optic,Credit card,3,Yes,No,0,No,No,Yes
C1577,45,74.95,,One year,Fiber optic,Mailed check,2,No,No,0,No,No,Yes
C3991,31,60.33,1947.95,Month-to-month,No,Credit card,1,No,Yes,1,No,Yes,Yes
C1903,46,63.36,2905.97,One year,DSL,Electronic check,2,Yes,No,0,No,No,No
C1424,31,62.32,1959.71,Two year,Fiber optic,Bank transfer,0,No,No,0,No,No,Yes
C1845,33,70.79,2317.5,Two year,DSL,Bank transfer,5,No,Yes,0,No,No,No
C2847,14,51.22,689.39,Two year,Fiber optic,Bank transfer,0,No,No,0,No,No,No
C2508,13,95.88,,Two year,DSL,Mailed check,2,No,Yes,0,No,Yes,No
C1287,67,48.53,3266.53,One year,DSL,Credit card,0,No,No,0,No,Yes,No
C3046,56,79.24,4369.51,One year,No,Bank transfer,0,No,Yes,0,Yes,No,No
C2386,9,72.11,736.07,Month-to-month,No,Bank transfer,1,No,No,1,Yes,Yes,Yes
C1198,44,81.52,3561.03,One year,Fiber optic,Bank transfer,0,No,No,0,No,No,Yes
C2292,8,97.16,798.26,One year,Fiber optic,Bank transfer,1,Yes,Yes,0,No,No,Yes
C2273,27,68.98,1854.4,Two year,DSL,Electronic check,3,Yes,Yes,0,No,No,No
C3601,46,15.0,684.72,One year,Fiber optic,Electronic check,1,Yes,Yes,0,Yes,No,No
C3099,22,45.35,937.57,One year,Fiber optic,Credit card,1,Yes,No,1,Yes,No,No
C2996,23,39.49,866.42,Month-to-month,No,Credit card,1,Yes,No,0,Yes,Yes,Yes
C1700,27,77.44,2257.65,Month-to-month,No,Mailed check,2,No,Yes,0,Yes,No,Yes
C2703,9,43.24,409.0,Month-to-month,Fiber optic,Bank transfer,0,Yes,No,1,Yes,No,Yes
C1533,41,76.8,3147.39,One year,DSL,Bank transfer,4,No,No,0,Yes,Yes,No
C1478,33,90.91,3048.16,Two year,Fiber optic,Credit card,2,Yes,No,0,Yes,No,No
C2737,30,75.41,2245.32,One year,No,Credit card,0,No,No,0,No,Yes,No
C3997,29,63.91,1927.94,Month-to-month,Fiber optic,Mailed check,0,No,No,0,Yes,Yes,Yes
C3076,50,78.16,3953.77,Two year,DSL,Bank transfer,2,No,No,1,Yes,No,No
C3324,68,74.35,4979.46,One year,DSL,Mailed check,3,Yes,No,1,Yes,No,No
C3004,40,47.34,1828.1,Two year,DSL,Credit card,3,No,Yes,0,Yes,No,No
C1958,10,67.57,642.83,One year,DSL,Mailed check,0,Yes,Yes,1,No,No,No
C2182,34,68.42,2364.93,Month-to-month,No,Credit card,2,No,No,0,Yes,Yes,Yes
C3569,17,42.61,738.95,Two year,DSL,Bank transfer,0,No,No,0,Yes,No,No
C3117,54,35.32,1892.07,Month-to-month,Fiber optic,Credit card,2,Yes,No,0,No,Yes,No
C2271,26,49.84,1331.22,Month-to-month,No,Credit card,2,No,No,0,Yes,Yes,Yes
C1916,5,62.21,317.19,Two year,No,Mailed check,1,No,No,0,Yes,No,No
C3012,16,58.53,866.18,One year,DSL,Bank transfer,1,No,Yes,1,Yes,Yes,No
C2623,21,45.24,890.54,Month-to-month,DSL,Bank transfer,5,No,Yes,0,No,Yes,Yes
C2890,1,45.45,98.38,One year,Fiber optic,Mailed check,0,No,No,0,Yes,Yes,Yes
C1938,34,72.47,2431.07,Two year,DSL,Electronic check,1,Yes,No,0,No,Yes,No
C1591,40,56.9,2210.99,Two year,DSL,Bank transfer,0,Yes,No,0,No,No,No
C3366,2,55.19,70.51,One year,Fiber optic,Electronic check,0,Yes,No,0,No,No,Yes
C1097,30,60.33,1864.65,Month-to-month,Fiber optic,Mailed check,1,Yes,No,0,No,No,Yes
C1357,57,56.14,3217.65,Month-to-month,Fiber optic,Electronic check,1,Yes,Yes,0,No,Yes,Yes
C3013,11,86.91,887.91,Month-to-month,DSL,Credit card,1,No,Yes,0,No,Yes,Yes
C2609,65,29.84,1999.99,One year,DSL,Bank transfer,3,No,No,1,No,Yes,Yes
C3497,58,59.64,3396.78,Month-to-month,No,Electronic check,1,No,No,0,Yes,Yes,Yes
C2685,13,85.88,1131.49,One year,Fiber optic,Credit card,4,Yes,Yes,0,No,Yes,No
C2767,9,75.79,741.46,Month-to-month,Fiber optic,Bank transfer,1,Yes,No,0,Yes,Yes,Yes
C3141,30,52.79,1509.51,One year,Fiber optic,Bank transfer,1,No,No,0,No,Yes,Yes
C1061,19,49.82,976.13,One year,Fiber optic,Bank transfer,1,No,No,0,Yes,Yes,No
C2986,5,47.55,181.93,Month-to-month,DSL,Mailed check,0,No,No,0,No,No,No
C3174,1,57.12,69.56,Month-to-month,DSL,Credit card,1,No,No,0,Yes,Yes,Yes
C2731,26,72.02,1913.01,One year,Fiber optic,Electronic check,2,Yes,No,0,Yes,Yes,Yes
C3887,36,29.13,990.62,Month-to-month,Fiber optic,Electronic check,0,No,No,1,Yes,No,Yes
C2839,11,55.51,644.25,Month-to-month,No,Electronic check,1,No,No,0,Yes,Yes,No
C2011,62,91.67,5621.27,Month-to-month,Fiber optic,Bank transfer,2,No,Yes,0,Yes,Yes,Yes
C2048,21,85.41,1729.82,One year,DSL,Electronic check,1,No,Yes,0,Yes,No,No
C3849,59,32.58,1898.18,Month-to-month,Fiber optic,Bank transfer,1,No,Yes,0,No,Yes,Yes
C3679,36,66.67,2312.22,Two year,Fiber optic,Credit card,2,No,Yes,0,No,Yes,No
C3216,2,54.55,81.86,Month-to-month,No,Electronic check,0,Yes,Yes,0,No,Yes,Yes
C2728,5,53.19,346.2,Month-to-month,Fiber optic,Mailed check,2,No,Yes,0,Yes,Yes,Yes
C2287,7,82.86,561.87,One year,Fiber optic,Bank transfer,1,No,No,0,Yes,Yes,No
C2014,69,65.73,4547.76,One year,DSL,Mailed check,1,No,No,1,No,Yes,No
C2561,9,87.44,780.38,Two year,No,Mailed check,1,No,No,0,No,Yes,No
C3719,47,69.73,3201.39,Month-to-month,Fiber optic,Bank transfer,2,No,No,0,Yes,Yes,No
C3431,64,60.66,3807.82,One year,Fiber optic,Mailed check,1,Yes,No,0,Yes,Yes,No
C2874,14,43.0,530.86,Two year,DSL,Electronic check,1,No,No,0,No,Yes,No
C2360,5,58.74,299.91,Two year,DSL,Electronic check,3,No,Yes,0,Yes,No,Yes
C3384,25,70.42,1737.7,One year,DSL,Electronic check,1,No,Yes,0,No,Yes,No
C1232,56,75.93,4309.35,One year,Fiber optic,Electronic check,0,No,No,0,No,Yes,Yes
C1680,20,81.68,1593.54,One year,DSL,Electronic check,2,Yes,Yes,0,No,Yes,Yes
C3109,36,87.99,3134.15,Two year,Fiber optic,Credit card,1,No,No,0,No,Yes,No
C3863,10,40.79,409.12,Month-to-month,Fiber optic,Mailed check,1,Yes,Yes,0,No,Yes,Yes
C1311,27,54.54,1522.76,Month-to-month,DSL,Electronic check,1,No,Yes,0,Yes,Yes,Yes
C2491,62,81.13,5036.75,One year,No,Credit card,0,No,No,0,No,No,No
C3504,71,27.3,1922.26,Month-to-month,DSL,Credit card,2,Yes,No,0,No,Yes,No
C2978,58,40.98,2293.05,Month-to-month,Fiber optic,Credit card,4,No,No,0,No,No,Yes
C3806,5,78.28,404.2,Month-to-month,Fiber optic,Bank transfer,4,Yes,Yes,0,No,Yes,No
C2260,52,92.11,4800.79,One year,Fiber optic,Credit card,0,No,Yes,0,No,Yes,No
C1511,26,87.67,2229.6,Month-to-month,Fiber optic,Electronic check,3,Yes,Yes,1,No,Yes,Yes
C3684,28,40.28,1202.12,Month-to-month,No,Electronic check,1,Yes,No,1,No,No,No
C1517,40,42.4,1741.79,Two year,DSL,Mailed check,2,Yes,No,0,Yes,Yes,No
C3311,1,57.58,14.59,One year,No,Bank transfer,2,No,No,0,No,No,No
C1646,49,71.59,3619.01,Month-to-month,DSL,Electronic check,2,No,No,0,Yes,No,Yes
C1379,26,64.4,1661.9,One year,DSL,Bank transfer,1,No,Yes,1,No,Yes,No
C1689,44,78.96,3595.71,Month-to-month,Fiber optic,Credit card,2,Yes,No,0,No,Yes,Yes
C1197,62,112.26,6973.46,Month-to-month,Fiber optic,Credit card,2,No,No,0,Yes,Yes,Yes
C3651,28,46.28,1268.1,Month-to-month,DSL,Mailed check,0,No,No,0,Yes,Yes,No
C3822,49,41.83,1995.25,Two year,Fiber optic,Credit card,0,No,No,1,Yes,Yes,No
C3416,69,75.97,5251.95,Month-to-month,DSL,Credit card,2,Yes,No,1,Yes,No,No
C1725,68,43.55,2951.28,One year,DSL,Electronic check,1,Yes,Yes,0,No,No,No
C3557,12,79.13,923.03,Month-to-month,Fiber optic,Electronic check,1,No,Yes,0,No,Yes,Yes
C1263,46,86.82,4002.77,One year,Fiber optic,Bank transfer,2,No,No,0,Yes,Yes,No
C2055,49,67.8,3371.44,Month-to-month,Fiber optic,Credit card,1,No,No,0,No,Yes,Yes
C1663,18,60.96,1140.13,Month-to-month,DSL,Credit card,0,Yes,Yes,0,No,Yes,No
C3594,13,73.15,993.34,Month-to-month,DSL,Bank transfer,2,Yes,No,0,Yes,No,No
C3572,44,62.2,2675.71,Month-to-month,Fiber optic,Credit card,0,No,Yes,0,Yes,Yes,Yes
C3380,31,67.84,2059.87,Month-to-month,No,Bank transfer,4,No,Yes,0,No,No,No
C2007,23,65.55,1465.33,Month-to-month,Fiber optic,Bank transfer,1,Yes,Yes,0,No,No,No
C1949,48,51.55,2505.06,Two year,Fiber optic,Electronic check,1,Yes,No,0,Yes,Yes,No
C2747,29,102.81,3004.64,One year,Fiber optic,Credit card,4,Yes,Yes,0,Yes,No,No
C2201,1,38.05,0.0,One year,DSL,Credit card,2,No,No,0,Yes,Yes,No
C1513,6,46.46,397.62,Month-to-month,Fiber optic,Mailed check,0,No,Yes,0,No,No,No
C2122,4,66.05,218.3,Two year,Fiber optic,Electronic check,0,No,No,0,No,Yes,No
C2328,34,89.65,3055.68,One year,Fiber optic,Credit card,1,Yes,No,0,Yes,Yes,No
C2253,50,56.87,2828.88,Month-to-month,DSL,Bank transfer,2,No,No,1,Yes,No,No
C1016,56,37.81,2138.72,Month-to-month,Fiber optic,Mailed check,3,Yes,No,0,Yes,Yes,No
C2161,51,80.18,4122.28,Month-to-month,Fiber optic,Mailed check,1,Yes,No,0,No,No,No
C2228,70,55.42,3906.79,Two year,Fiber optic,Credit card,2,No,No,1,No,Yes,No
C3821,16,97.03,1542.56,One year,No,Mailed check,0,Yes,Yes,0,No,No,No
C1917,70,51.45,3598.4,Month-to-month,No,Electronic check,1,Yes,Yes,0,No,Yes,Yes
C3857,28,82.49,2348.46,Month-to-month,DSL,Credit card,0,No,No,1,Yes,Yes,Yes
C2657,37,89.19,3319.6,One year,Fiber optic,Electronic check,1,Yes,No,0,No,Yes,No
C1713,49,76.92,3818.82,Month-to-month,Fiber optic,Electronic check,0,Yes,No,0,No,Yes,Yes
C3040,33,82.8,2823.81,Month-to-month,DSL,Electronic check,0,No,No,1,No,Yes,Yes
C2088,27,55.72,1477.84,Month-to-month,No,Mailed check,1,No,Yes,1,Yes,No,No
C2597,30,60.16,1738.87,One year,DSL,Bank transfer,1,No,No,1,Yes,No,No
C2777,28,69.06,1940.57,One year,Fiber optic,Mailed check,1,Yes,Yes,0,Yes,Yes,Yes
C3430,42,84.95,3543.44,Two year,DSL,Credit card,3,Yes,No,0,No,Yes,No
C1907,26,41.14,1070.25,Two year,Fiber optic,Credit card,2,No,No,0,No,Yes,Yes
C2082,5,43.44,329.54,Month-to-month,No,Electronic check,0,Yes,No,0,Yes,No,Yes
C1571,17,26.18,480.11,One year,Fiber optic,Electronic check,1,No,No,0,No,No,No
C3829,8,85.0,672.69,One year,DSL,Bank transfer,1,No,No,1,Yes,Yes,No
C3460,27,73.15,2031.08,Month-to-month,DSL,Mailed check,3,Yes,Yes,0,Yes,Yes,No
C3103,32,90.18,3011.98,One year,DSL,Electronic check,2,No,No,0,No,Yes,No
C1441,61,56.92,3590.47,One year,Fiber optic,Bank transfer,1,Yes,No,0,No,Yes,No
C2617,19,104.42,2058.68,One year,Fiber optic,Mailed check,0,No,No,0,Yes,Yes,No
C2521,65,59.61,3853.48,Two year,Fiber optic,Electronic check,2,Yes,No,0,Yes,No,No
C2800,27,69.36,1889.45,Month-to-month,DSL,Credit card,0,No,No,1,Yes,Yes,Yes
C3332,17,77.63,1374.26,Month-to-month,Fiber optic,Electronic check,2,No,No,1,Yes,No,No
C1281,67,64.0,4331.77,One year,DSL,Bank transfer,0,No,No,0,Yes,No,No
C2675,56,84.92,4726.39,Two year,DSL,Electronic check,3,No,Yes,1,No,No,No
C1100,63,44.83,2804.92,Month-to-month,DSL,Bank transfer,2,No,No,0,No,No,Yes
C2170,3,44.01,67.06,One year,DSL,Electronic check,2,Yes,No,0,Yes,Yes,Yes
C2044,62,24.38,1659.6,Month-to-month,DSL,Mailed check,3,No,Yes,0,No,Yes,No
C3777,36,43.31,1575.26,Month-to-month,DSL,Bank transfer,0,No,No,1,No,No,No
C1408,2,44.81,7.17,Month-to-month,Fiber optic,Bank transfer,6,Yes,Yes,0,Yes,Yes,Yes
C2174,66,51.22,3396.01,Month-to-month,DSL,Mailed check,3,No,No,0,Yes,No,Yes
C1402,19,49.13,945.66,Month-to-month,DSL,Mailed check,0,Yes,No,0,No,Yes,No
C1993,23,68.57,1563.78,One year,Fiber optic,Credit card,2,Yes,Yes,1,Yes,Yes,No
C2875,1,33.62,105.31,One year,Fiber optic,Credit card,1,Yes,Yes,0,Yes,Yes,No
C1043,36,41.19,1459.69,Month-to-month,Fiber optic,Electronic check,4,Yes,No,0,No,Yes,Yes
C3967,21,76.76,1582.0,Month-to-month,Fiber optic,Bank transfer,1,No,No,0,Yes,Yes,Yes
C1139,56,72.94,3962.93,Month-to-month,Fiber optic,Credit card,2,No,No,0,Yes,No,Yes
C2668,52,34.42,1809.66,Month-to-month,Fiber optic,Mailed check,1,No,Yes,1,No,Yes,Yes
C1248,22,49.62,1079.3,Two year,No,Credit card,3,Yes,No,0,No,No,No
C1960,10,34.62,320.69,Month-to-month,DSL,Bank transfer,0,No,Yes,1,No,No,No
C3403,27,55.1,1518.37,One year,DSL,Electronic check,1,Yes,No,0,Yes,Yes,No
C3383,50,56.25,2759.41,One year,No,Mailed check,2,No,No,1,No,Yes,No
C3720,49,51.43,2449.31,Two year,DSL,Electronic check,2,No,Yes,0,No,Yes,No
C3252,30,54.81,1644.54,Month-to-month,Fiber optic,Mailed check,0,No,No,0,Yes,No,Yes
C2723,55,63.86,3415.5,Month-to-month,DSL,Credit card,0,No,No,1,Yes,Yes,Yes
C1770,29,25.73,687.49,One year,Fiber optic,Mailed check,0,Yes,Yes,0,Yes,Yes,No
C1561,17,83.16,1369.16,Month-to-month,DSL,Bank transfer,0,No,No,1,No,Yes,Yes
C3678,58,41.77,2372.09,Month-to-month,DSL,Mailed check,2,Yes,No,0,No,Yes,No
C2743,62,50.31,3152.11,One year,No,Electronic check,4,No,No,0,No,No,Yes
C3650,68,74.77,5043.4,Month-to-month,Fiber optic,Electronic check,3,No,Yes,0,No,No,Yes
C1518,24,79.25,1906.23,Month-to-month,Fiber optic,Bank transfer,1,Yes,No,0,Yes,No,No
C1011,69,46.36,3157.87,One year,DSL,Credit card,1,No,No,0,No,No,No
C3120,24,55.43,1324.99,Two year,No,Electronic check,0,No,No,0,No,Yes,No
C2057,8,55.2,483.66,Month-to-month,Fiber optic,Electronic check,2,No,No,0,Yes,No,No
C3101,17,70.95,1200.56,Month-to-month,DSL,Bank transfer,0,No,No,0,Yes,Yes,Yes
C1040,45,78.24,3497.22,Month-to-month,Fiber optic,Bank transfer,0,Yes,No,0,Yes,Yes,No
C1283,63,46.51,2983.73,Two year,DSL,Bank transfer,3,No,No,0,Yes,Yes,No
C2200,54,84.35,4580.92,Month-to-month,Fiber optic,Credit card,3,No,Yes,0,Yes,Yes,Yes
C1708,32,42.2,1408.81,Month-to-month,Fiber optic,Mailed check,3,Yes,No,0,Yes,No,No
C2105,25,53.79,1338.0,Month-to-month,Fiber optic,Mailed check,2,No,No,0,Yes,Yes,Yes
C3689,40,73.03,2910.14,Month-to-month,DSL,Electronic check,1,Yes,Yes,0,Yes,Yes,No
C1759,42,84.48,3520.02,One year,DSL,Credit card,1,Yes,Yes,0,Yes,No,No
C2432,16,31.29,533.28,Month-to-month,DSL,Mailed check,1,No,Yes,0,No,Yes,Yes
C1205,54,46.84,2508.69,Month-to-month,DSL,Credit card,0,No,No,0,No,Yes,Yes
C2928,37,79.45,2936.13,Month-to-month,DSL,Bank transfer,2,No,No,0,No,Yes,No
C3433,34,82.63,2798.19,Two year,Fiber optic,Bank transfer,1,No,No,0,Yes,No,Yes
C2177,70,15.0,1001.58,One year,Fiber optic,Electronic check,0,No,No,0,No,No,Yes
C1026,54,68.68,3689.75,Month-to-month,DSL,Electronic check,2,No,No,0,No,No,No
C2808,11,40.46,503.59,Month-to-month,Fiber optic,Bank transfer,0,Yes,No,0,No,Yes,No
C1815,40,91.56,3640.78,Month-to-month,DSL,Mailed check,0,No,No,0,No,No,Yes
C1085,13,31.4,415.77,Month-to-month,Fiber optic,Mailed check,1,Yes,Yes,0,No,Yes,No
C3475,25,69.6,1679.27,Two year,DSL,Electronic check,1,No,No,0,Yes,No,No
C3898,68,71.27,4809.88,Month-to-month,Fiber optic,Electronic check,0,Yes,No,0,Yes,No,Yes
C2283,1,52.82,132.48,Month-to-month,Fiber optic,Credit card,2,Yes,No,0,No,Yes,Yes
C3527,67,49.96,3270.28,One year,DSL,Mailed check,2,No,No,1,Yes,Yes,No
C1079,55,94.84,5307.7,Month-to-month,Fiber optic,Mailed check,1,Yes,No,0,Yes,Yes,No
C1875,58,54.45,3121.03,One year,No,Bank transfer,0,Yes,No,0,Yes,No,No
C1147,49,79.01,3863.33,One year,Fiber optic,Bank transfer,0,No,No,1,Yes,No,No
C3483,33,59.98,1935.91,One year,Fiber optic,Electronic check,3,No,No,0,No,No,Yes
C2093,42,69.41,2954.1,Two year,Fiber optic,Bank transfer,2,No,No,0,No,Yes,No
C2948,49,90.77,4520.27,Month-to-month,DSL,Electronic check,2,No,No,0,Yes,Yes,No
C3574,21,62.47,1378.38,Two year,No,Mailed check,1,Yes,No,0,No,Yes,No
C1527,42,52.88,2245.61,Two year,No,Mailed check,2,No,No,0,Yes,No,No
C3516,15,51.81,868.07,Month-to-month,Fiber optic,Mailed check,2,Yes,No,0,No,Yes,Yes
C2776,56,67.21,3704.16,Month-to-month,No,Bank transfer,1,Yes,No,0,No,Yes,No
C2921,57,58.18,3369.99,Two year,DSL,Credit card,1,No,Yes,0,No,No,No
C1565,23,110.58,2605.66,Two year,DSL,Mailed check,1,Yes,Yes,0,Yes,No,No
C2227,56,61.48,3447.06,Month-to-month,No,Mailed check,3,Yes,Yes,0,Yes,No,No
C2087,10,96.79,952.86,One year,DSL,Mailed check,0,Yes,Yes,0,Yes,Yes,Yes
C1310,12,39.93,453.59,Month-to-month,Fiber optic,Mailed check,3,No,Yes,0,No,Yes,Yes
C2109,53,67.54,3561.93,One year,Fiber optic,Mailed check,5,No,Yes,1,No,No,Yes
C1381,30,71.68,2039.68,Month-to-month,DSL,Bank transfer,3,Yes,No,0,Yes,Yes,Yes
C2192,64,40.95,2702.51,Two year,DSL,Credit card,3,No,No,0,No,No,No
C2956,48,57.44,2744.98,Month-to-month,DSL,Bank transfer,1,Yes,Yes,0,Yes,Yes,No
C3922,59,48.45,2853.73,Month-to-month,Fiber optic,Electronic check,0,No,Yes,0,Yes,No,Yes
C2439,45,76.28,3383.42,Month-to-month,Fiber optic,Mailed check,0,No,No,0,Yes,Yes,No
C2102,33,59.76,1976.61,Month-to-month,Fiber optic,Bank transfer,3,No,No,0,Yes,No,No
C1596,28,33.87,1059.24,Month-to-month,DSL,Electronic check,1,No,Yes,1,Yes,Yes,Yes
C2085,58,68.96,4100.77,Month-to-month,Fiber optic,Credit card,5,No,No,1,Yes,No,Yes
C1492,57,64.92,3745.38,Two year,Fiber optic,Bank transfer,2,No,Yes,0,Yes,Yes,No
C1578,58,66.75,3937.19,Month-to-month,DSL,Credit card,1,No,No,0,No,Yes,No
C3622,18,51.24,969.85,Month-to-month,No,Mailed check,0,Yes,Yes,0,Yes,No,Yes
C2301,4,109.09,402.31,Month-to-month,DSL,Bank transfer,2,No,Yes,0,Yes,Yes,No
C3751,17,92.44,1610.93,One year,DSL,Credit card,1,Yes,No,0,No,Yes,No
C2970,49,42.82,2015.87,Month-to-month,Fiber optic,Mailed check,1,No,No,0,Yes,Yes,Yes
C3175,65,64.24,4073.12,Two year,Fiber optic,Bank transfer,1,Yes,No,0,Yes,Yes,No
C3163,6,59.74,353.48,Month-to-month,Fiber optic,Bank transfer,0,No,No,0,No,No,Yes
C3360,31,85.5,2632.88,One year,Fiber optic,Bank transfer,4,Yes,No,0,No,No,Yes
C2358,41,40.83,1605.84,One year,No,Credit card,0,No,Yes,0,No,Yes,Yes
C2625,4,61.14,211.73,One year,DSL,Credit card,1,No,Yes,0,No,Yes,No
C3875,55,89.73,4842.25,Month-to-month,DSL,Electronic check,0,Yes,Yes,0,No,No,No
C3449,13,85.67,1072.69,Two year,DSL,Electronic check,2,No,No,0,Yes,No,No
C2477,33,34.84,1242.81,One year,Fiber optic,Bank transfer,2,Yes,Yes,0,No,No,No
C3681,40,104.84,4160.73,Month-to-month,Fiber optic,Credit card,2,No,No,1,Yes,Yes,Yes
C2745,11,58.35,599.13,Two year,No,Electronic check,2,Yes,No,0,No,No,No
C3202,37,64.19,2424.64,One year,DSL,Electronic check,1,Yes,No,0,No,No,No
C2222,20,88.74,1747.56,Two year,No,Mailed check,0,Yes,No,0,Yes,No,No
C3860,24,76.56,1815.44,Month-to-month,No,Electronic check,0,Yes,No,0,Yes,No,Yes
C2622,24,83.83,2033.98,One year,Fiber optic,Electronic check,1,Yes,Yes,1,Yes,Yes,No
C3694,17,47.06,776.6,Month-to-month,Fiber optic,Credit card,2,No,Yes,1,Yes,Yes,Yes
C1920,63,68.99,4381.43,Two year,No,Mailed check,4,No,No,0,Yes,No,No
C2312,32,113.65,3625.99,Month-to-month,DSL,Electronic check,0,No,No,0,Yes,No,Yes
C2989,68,135.06,9202.91,Month-to-month,DSL,Electronic check,1,No,No,0,No,No,No
C3121,22,66.73,1518.27,Month-to-month,Fiber optic,Bank transfer,0,Yes,Yes,0,Yes,Yes,No
C2713,46,62.5,2956.42,Month-to-month,Fiber optic,Electronic check,0,No,No,0,No,Yes,Yes
C3134,11,96.92,1125.64,One year,Fiber optic,Mailed check,2,No,Yes,0,Yes,Yes,No
C1433,53,72.42,3879.47,Month-to-month,Fiber optic,Mailed check,0,No,Yes,0,Yes,Yes,Yes
C2891,33,59.72,1866.81,One year,Fiber optic,Bank transfer,2,No,No,0,No,Yes,Yes
C3496,38,25.11,953.26,Month-to-month,Fiber optic,Bank transfer,0,No,No,0,No,Yes,No
C2660,32,27.24,842.94,One year,Fiber optic,Credit card,0,No,Yes,0,No,No,No
C3038,8,70.5,,Month-to-month,Fiber optic,Credit card,0,No,No,0,Yes,Yes,Yes
C1982,28,88.91,2524.05,Month-to-month,Fiber optic,Credit card,2,No,Yes,0,Yes,Yes,No
C3588,14,33.24,485.24,One year,DSL,Mailed check,0,Yes,No,0,Yes,No,No
C2060,12,39.28,463.04,Two year,Fiber optic,Mailed check,3,Yes,Yes,0,Yes,Yes,No
C2748,19,75.7,1504.37,Two year,Fiber optic,Bank transfer,0,No,Yes,1,No,No,No
C3764,42,46.1,1867.27,Month-to-month,No,Mailed check,0,No,Yes,0,No,Yes,No
C2971,65,54.91,3626.0,Month-to-month,DSL,Credit card,1,Yes,Yes,0,No,Yes,Yes
C3657,14,73.13,1099.21,Two year,Fiber optic,Mailed check,1,No,Yes,0,Yes,No,No
C1206,35,70.72,2524.23,Month-to-month,DSL,Mailed check,0,Yes,No,1,Yes,Yes,No
C2210,25,87.26,2215.72,Month-to-month,DSL,Bank transfer,2,No,Yes,0,Yes,Yes,Yes
C3855,15,62.91,,Two year,Fiber optic,Electronic check,0,No,No,0,Yes,No,No
C1748,58,38.43,2227.86,Month-to-month,Fiber optic,Electronic check,2,No,No,1,No,Yes,Yes
C2188,50,78.6,3856.7,Month-to-month,Fiber optic,Electronic check,0,No,Yes,0,No,Yes,Yes
C1948,28,74.35,2073.0,Two year,Fiber optic,Bank transfer,2,Yes,No,0,No,No,No
C1927,17,34.4,645.83,Month-to-month,Fiber optic,Bank transfer,2,No,No,0,Yes,Yes,No
C2586,41,54.54,2301.61,Month-to-month,Fiber optic,Bank transfer,1,No,No,0,Yes,No,No
C3961,52,45.17,2332.98,Month-to-month,Fiber optic,Electronic check,0,No,No,0,Yes,No,No
C3726,17,55.14,926.3,Month-to-month,Fiber optic,Mailed check,0,No,No,0,No,Yes,Yes
C2819,11,74.45,,Month-to-month,Fiber optic,Bank transfer,1,No,Yes,0,Yes,No,Yes
C1020,45,33.85,1483.65,Month-to-month,DSL,Bank transfer,2,No,Yes,0,Yes,Yes,No
C1868,9,73.28,729.45,Two year,No,Credit card,1,No,No,0,Yes,Yes,No
C3643,12,67.77,807.03,Month-to-month,Fiber optic,Credit card,0,No,Yes,0,No,Yes,Yes
C1121,59,55.42,3237.39,Month-to-month,Fiber optic,Credit card,0,No,No,0,No,Yes,Yes
C1634,43,50.67,2163.76,Month-to-month,Fiber optic,Mailed check,2,Yes,No,1,Yes,Yes,Yes
C1199,17,96.89,1632.73,One year,DSL,Bank transfer,0,No,No,0,Yes,Yes,No
C2611,55,55.63,3160.36,Month-to-month,Fiber optic,Bank transfer,0,Yes,No,0,No,Yes,No
C1703,64,79.15,5029.48,One year,Fiber optic,Bank transfer,1,No,No,0,Yes,Yes,No
C2700,1,43.67,89.52,Month-to-month,Fiber optic,Credit card,2,No,Yes,0,Yes,Yes,Yes
C3439,5,61.18,376.25,Month-to-month,DSL,Credit card,2,Yes,Yes,0,No,Yes,Yes
C3700,51,74.99,3786.65,Month-to-month,DSL,Credit card,2,No,Yes,0,No,Yes,No
C1744,56,73.56,4099.97,Two year,Fiber optic,Bank transfer,0,Yes,Yes,1,Yes,No,No
C2416,25,50.91,1237.97,Month-to-month,No,Bank transfer,2,No,No,0,No,Yes,No
C1036,2,48.36,118.62,Month-to-month,No,Mailed check,2,No,Yes,0,No,Yes,Yes
C1304,15,59.69,877.42,Month-to-month,No,Mailed check,3,No,No,0,No,Yes,Yes
C2049,4,27.62,135.86,Two year,DSL,Credit card,2,No,No,0,Yes,Yes,No
C1521,25,55.6,1351.06,One year,DSL,Credit card,0,Yes,No,0,No,Yes,No
C1018,20,87.83,1721.75,Month-to-month,No,Bank transfer,6,No,Yes,1,No,No,Yes
C1664,8,87.21,742.44,Month-to-month,No,Electronic check,1,No,Yes,0,No,Yes,Yes
C2395,35,60.33,2082.37,Month-to-month,Fiber optic,Credit card,3,No,No,0,Yes,Yes,Yes
C3011,19,94.76,1809.54,Two year,DSL,Electronic check,1,No,No,0,No,Yes,No
C2347,46,49.55,2275.58,One year,DSL,Mailed check,2,Yes,No,0,Yes,No,No
C1046,8,68.88,512.14,Month-to-month,DSL,Mailed check,1,No,No,0,No,No,Yes
C2163,19,52.84,1001.6,One year,Fiber optic,Bank transfer,2,Yes,Yes,0,No,Yes,No
C2145,18,50.92,887.81,Two year,DSL,Mailed check,0,Yes,Yes,0,No,No,No
C3034,5,62.29,269.88,One year,DSL,Mailed check,0,Yes,No,0,No,Yes,No
C2680,64,61.24,4001.07,Month-to-month,No,Credit card,3,No,No,1,Yes,Yes,Yes
C3445,60,82.1,4881.11,Month-to-month,No,Bank transfer,2,No,No,1,Yes,Yes,No
C1485,23,79.44,1792.78,One year,DSL,Mailed check,1,Yes,Yes,0,No,Yes,No
C3354,14,84.15,1205.09,Month-to-month,Fiber optic,Credit card,1,No,Yes,1,No,No,No
C3327,46,39.27,1845.23,Month-to-month,Fiber optic,Bank transfer,1,No,No,0,No,No,No
C3853,12,31.29,338.83,Month-to-month,No,Electronic check,0,No,No,0,Yes,Yes,No
C3448,27,49.21,1384.9,One year,Fiber optic,Mailed check,3,No,No,1,Yes,Yes,No
C1522,3,64.42,260.32,Two year,No,Electronic check,3,Yes,No,0,Yes,Yes,Yes
C2602,46,48.41,2236.97,Month-to-month,Fiber optic,Mailed check,0,Yes,Yes,0,Yes,No,No
C2094,16,100.56,1652.82,Month-to-month,Fiber optic,Credit card,1,No,No,0,No,No,No
C3211,69,43.8,3033.89,Two year,No,Bank transfer,1,No,No,1,Yes,Yes,No
C3239,38,56.14,2070.44,Two year,DSL,Bank transfer,1,No,Yes,0,Yes,Yes,No
C1078,44,91.12,3981.14,One year,DSL,Bank transfer,2,Yes,No,1,No,Yes,No
C3976,9,37.95,374.65,Month-to-month,DSL,Bank transfer,0,No,Yes,0,No,No,No
C2198,15,39.5,585.52,One year,No,Mailed check,0,Yes,Yes,0,No,Yes,No
C2212,65,71.5,4629.11,Month-to-month,Fiber optic,Mailed check,1,Yes,Yes,1,Yes,Yes,Yes
C2264,51,93.8,4795.7,Month-to-month,No,Credit card,1,Yes,No,0,No,No,No
C2223,38,67.03,2487.76,Month-to-month,No,Electronic check,1,No,No,0,No,No,No
C2797,63,97.27,6181.96,Month-to-month,Fiber optic,Electronic check,1,No,Yes,1,No,No,Yes
C2915,28,51.39,1420.11,Month-to-month,DSL,Mailed check,0,No,Yes,0,No,No,No
C3794,45,29.97,1294.38,Month-to-month,DSL,Bank transfer,2,No,Yes,0,Yes,Yes,No
C3471,62,30.46,1867.09,Two year,Fiber optic,Credit card,0,No,No,0,No,Yes,No
C3786,8,39.82,284.92,Two year,Fiber optic,Electronic check,0,No,No,0,Yes,No,No
C2920,69,37.1,2595.64,Two year,DSL,Electronic check,0,Yes,No,1,Yes,No,No
C1504,65,55.73,3573.35,Month-to-month,Fiber optic,Mailed check,3,No,No,0,No,No,No
C2277,1,84.36,142.03,Two year,No,Electronic check,0,No,No,0,Yes,Yes,Yes
C3249,70,71.21,4987.25,One year,No,Credit card,0,No,No,0,Yes,No,No
C2237,44,60.69,2693.67,One year,DSL,Mailed check,3,No,Yes,0,No,Yes,No
C3052,64,118.57,7550.57,One year,Fiber optic,Credit card,1,No,Yes,1,Yes,Yes,No
C1542,22,49.89,1132.23,Month-to-month,Fiber optic,Bank transfer,0,Yes,Yes,0,Yes,Yes,No
C3744,61,100.86,6149.94,Month-to-month,DSL,Bank transfer,1,No,Yes,0,Yes,No,No
C3879,60,62.6,3726.37,Month-to-month,Fiber optic,Electronic check,1,No,No,1,Yes,No,Yes
C1537,66,56.01,3774.46,Two year,Fiber optic,Electronic check,3,No,No,0,Yes,Yes,No
C2281,17,54.32,958.71,Month-to-month,Fiber optic,Credit card,1,No,No,0,No,No,No
C3078,64,63.83,4079.75,One year,DSL,Credit card,0,No,Yes,0,Yes,No,Yes
C2574,59,94.17,5527.23,One year,No,Mailed check,2,No,No,0,No,No,Yes
C1752,27,78.79,2087.39,Month-to-month,DSL,Electronic check,3,Yes,No,0,No,No,Yes
C1243,10,79.31,779.73,Two year,Fiber optic,Electronic check,1,Yes,No,0,No,No,No
C3262,63,59.44,3765.29,Month-to-month,DSL,Credit card,0,Yes,Yes,0,Yes,Yes,No
C3275,24,74.62,1791.75,One year,DSL,Bank transfer,1,No,No,0,No,No,No
C3172,51,68.95,3514.52,One year,DSL,Bank transfer,1,No,Yes,1,No,Yes,No
C3131,17,64.9,1200.49,Month-to-month,DSL,Credit card,2,No,Yes,0,No,No,Yes
C3945,8,70.3,557.83,One year,No,Electronic check,0,No,No,0,No,No,No
C3537,58,30.53,1720.24,Month-to-month,DSL,Mailed check,1,Yes,Yes,0,Yes,Yes,No
C3045,12,67.01,782.4,Month-to-month,Fiber optic,Credit card,2,No,No,0,Yes,Yes,Yes
C1288,23,83.51,1917.2,One year,No,Bank transfer,1,No,Yes,0,No,No,Yes
C1893,2,56.5,31.75,Month-to-month,DSL,Bank transfer,1,No,Yes,0,No,No,Yes
C3929,2,82.66,129.29,Month-to-month,Fiber optic,Bank transfer,2,Yes,No,0,Yes,No,No
C2601,28,70.78,1994.14,Month-to-month,Fiber optic,Mailed check,1,No,Yes,0,Yes,Yes,Yes
C1002,26,59.57,1496.76,Month-to-month,Fiber optic,Bank transfer,1,Yes,Yes,0,No,Yes,No
C3094,12,67.75,700.6,Month-to-month,Fiber optic,Bank transfer,1,No,No,0,No,No,Yes
C1567,52,53.67,2796.82,One year,No,Mailed check,1,Yes,No,0,Yes,Yes,No
C2067,53,51.43,2699.39,One year,Fiber optic,Mailed check,0,No,No,0,No,No,No
C1399,9,32.67,286.09,Month-to-month,Fiber optic,Mailed check,2,No,Yes,0,No,No,No
C1180,29,76.7,2233.07,Month-to-month,Fiber optic,Electronic check,1,No,No,0,Yes,No,Yes
C1146,15,64.66,1041.56,Month-to-month,DSL,Mailed check,2,Yes,Yes,0,Yes,Yes,No
C1629,7,26.17,178.97,One year,Fiber optic,Credit card,1,No,No,0,Yes,Yes,No
C1760,8,82.94,654.8,Month-to-month,DSL,Bank transfer,2,Yes,No,0,No,Yes,Yes
C1401,27,84.16,2239.99,Month-to-month,Fiber optic,Bank transfer,5,Yes,No,0,No,Yes,Yes
C1413,48,100.87,4854.01,Two year,DSL,Electronic check,0,Yes,No,0,Yes,No,No
C2104,57,63.85,3638.12,Month-to-month,DSL,Bank transfer,2,No,No,0,Yes,Yes,Yes
C1859,48,20.79,936.01,Month-to-month,No,Electronic check,2,No,Yes,1,No,Yes,Yes
C1606,31,59.21,1847.19,Month-to-month,DSL,Electronic check,1,No,No,0,Yes,No,Yes
C1172,6,59.44,341.06,Month-to-month,DSL,Bank transfer,1,Yes,No,0,Yes,No,Yes
C1667,65,53.9,3542.71,One year,DSL,Bank transfer,0,Yes,Yes,0,Yes,Yes,No
C3065,44,70.31,3100.84,One year,Fiber optic,Mailed check,0,No,No,0,Yes,No,No
C1227,47,58.98,2757.61,One year,Fiber optic,Bank transfer,2,No,No,0,No,Yes,Yes
C3617,8,50.15,425.75,Month-to-month,Fiber optic,Credit card,0,No,Yes,0,No,No,Yes
C1475,66,78.85,5199.34,Two year,No,Bank transfer,0,No,No,0,No,Yes,No
C2531,3,46.14,131.42,One year,Fiber optic,Credit card,1,Yes,No,0,No,No,No
C1487,44,32.73,1518.5,Month-to-month,DSL,Electronic check,2,No,No,0,Yes,Yes,Yes
C2538,41,89.78,3687.68,Month-to-month,DSL,Credit card,1,No,Yes,0,Yes,No,Yes
C1642,8,25.13,219.52,Two year,Fiber optic,Mailed check,2,Yes,No,0,Yes,Yes,No
C2909,52,63.06,3241.89,Month-to-month,No,Electronic check,1,No,No,0,No,No,No
C1575,20,46.08,863.95,Month-to-month,Fiber optic,Electronic check,1,No,Yes,0,Yes,No,Yes
C3805,58,85.64,4948.2,Month-to-month,No,Mailed check,1,No,Yes,0,No,Yes,Yes
C2991,23,58.5,1359.25,Month-to-month,Fiber optic,Credit card,3,No,No,0,No,Yes,Yes
C3953,24,34.97,777.31,Two year,Fiber optic,Electronic check,1,No,Yes,0,No,Yes,No
C2004,70,56.27,3925.74,Two year,Fiber optic,Bank transfer,2,Yes,No,0,Yes,Yes,No
C1203,23,81.2,1749.37,Month-to-month,Fiber optic,Mailed check,1,Yes,No,0,No,Yes,Yes
C1411,37,88.03,3209.14,One year,Fiber optic,Electronic check,0,No,Yes,0,No,No,Yes
C1258,44,43.19,1855.75,Month-to-month,DSL,Mailed check,0,No,No,0,Yes,No,No
C3815,7,46.22,395.39,Month-to-month,DSL,Credit card,2,No,Yes,0,Yes,Yes,No
C2644,39,94.19,3710.21,Month-to-month,Fiber optic,Credit card,0,Yes,Yes,0,No,No,No
C1791,14,79.42,1116.91,One year,Fiber optic,Credit card,2,No,No,0,No,No,No
C1530,6,39.12,224.5,One year,DSL,Mailed check,2,No,Yes,0,Yes,Yes,Yes
C3075,69,59.52,4117.89,Month-to-month,No,Bank transfer,0,No,No,1,No,Yes,Yes
C3526,33,35.91,1184.47,One year,DSL,Bank transfer,2,No,No,0,Yes,No,No
C3824,19,52.82,1004.08,Month-to-month,DSL,Mailed check,4,No,No,0,Yes,Yes,No
C2972,37,46.59,1640.43,One year,No,Electronic check,0,No,No,1,Yes,Yes,No
C3536,49,27.94,1386.25,Month-to-month,DSL,Credit card,2,Yes,No,0,No,Yes,Yes
C1965,67,48.03,3223.39,Two year,Fiber optic,Electronic check,2,No,No,0,Yes,No,No
C3352,57,75.24,4307.7,Month-to-month,No,Credit card,1,No,Yes,0,No,No,No
C1833,67,76.62,5166.64,One year,Fiber optic,Mailed check,1,No,No,0,Yes,No,No
C3973,47,63.18,3010.67,Month-to-month,No,Mailed check,1,Yes,Yes,0,No,No,Yes
C2604,46,109.27,5048.44,Month-to-month,DSL,Credit card,0,Yes,No,0,Yes,No,No
C1550,32,83.18,2664.13,Month-to-month,Fiber optic,Bank transfer,3,Yes,No,0,Yes,No,No
C3291,30,47.79,1446.73,Month-to-month,DSL,Mailed check,0,Yes,No,0,No,No,No
C3754,19,79.12,1421.1,Month-to-month,Fiber optic,Mailed check,4,No,Yes,0,Yes,Yes,Yes
C2352,69,92.44,,Two year,Fiber optic,Electronic check,1,No,No,1,Yes,Yes,No
C3705,2,88.97,190.84,Month-to-month,Fiber optic,Mailed check,0,No,No,0,No,No,Yes
C3472,46,83.18,3859.96,Month-to-month,Fiber optic,Electronic check,0,No,Yes,0,Yes,No,Yes
C1803,68,92.51,6193.26,Month-to-month,No,Credit card,1,No,No,0,Yes,Yes,No
C2746,66,36.73,2389.27,Month-to-month,Fiber optic,Credit card,0,Yes,No,1,Yes,No,No
C3008,57,53.82,3021.88,Month-to-month,DSL,Bank transfer,1,No,Yes,0,Yes,Yes,Yes
C3126,61,86.34,5249.81,Month-to-month,No,Credit card,1,No,No,0,No,Yes,Yes
C1387,34,45.57,1493.25,Month-to-month,DSL,Mailed check,0,Yes,No,0,Yes,Yes,No
C3114,64,82.67,5298.28,Month-to-month,Fiber optic,Credit card,1,No,Yes,0,Yes,Yes,Yes
C2411,9,50.04,499.48,Month-to-month,DSL,Credit card,6,Yes,No,1,Yes,Yes,Yes
C2412,39,64.91,2713.03,One year,Fiber optic,Mailed check,4,No,Yes,0,No,Yes,No
C3708,64,83.24,5342.26,One year,DSL,Credit card,1,No,Yes,0,No,Yes,No
C3839,15,79.63,1181.07,Month-to-month,No,Credit card,1,Yes,Yes,0,No,Yes,Yes
C2923,51,47.29,2437.95,Month-to-month,Fiber optic,Electronic check,1,Yes,Yes,0,No,No,Yes
C3151,43,78.9,3366.82,One year,No,Mailed check,2,No,No,0,Yes,Yes,No
C3936,7,40.04,271.72,Two year,DSL,Credit card,0,No,No,0,No,Yes,No
C3386,11,60.2,767.9,Month-to-month,DSL,Mailed check,1,Yes,No,0,Yes,Yes,Yes
C2938,15,59.53,914.62,One year,Fiber optic,Bank transfer,3,No,No,0,No,No,No
C3510,18,77.42,1344.98,Month-to-month,Fiber optic,Credit card,3,Yes,No,1,No,Yes,Yes
C2367,65,55.0,3643.03,One year,No,Bank transfer,0,No,Yes,0,No,No,No
C2904,33,40.18,1361.21,Month-to-month,Fiber optic,Electronic check,1,Yes,No,0,No,Yes,No
C1702,8,76.7,693.71,Month-to-month,Fiber optic,Electronic check,2,No,No,0,No,Yes,Yes
C2296,39,62.83,2479.76,Two year,DSL,Credit card,4,No,No,0,No,Yes,No
C1779,22,44.47,976.76,Month-to-month,Fiber optic,Electronic check,1,No,No,1,Yes,Yes,No
C1675,21,15.0,313.83,One year,DSL,Bank transfer,0,Yes,No,0,No,Yes,No
C1421,62,45.52,2906.32,Two year,Fiber optic,Credit card,1,No,No,0,No,No,No
C3914,31,74.06,2265.19,One year,Fiber optic,Credit card,3,No,No,0,No,Yes,No
C3267,39,104.77,4121.2,Month-to-month,DSL,Credit card,2,Yes,No,1,No,Yes,Yes
C1595,15,85.56,1380.7,Two year,DSL,Bank transfer,0,Yes,Yes,0,No,Yes,No
C3035,31,60.86,1898.84,Month-to-month,Fiber optic,Credit card,0,No,No,0,No,No,No
C1610,66,75.91,4953.77,Two year,DSL,Mailed check,0,No,No,0,No,Yes,No
C2314,62,57.23,3543.6,One year,DSL,Electronic check,0,Yes,No,0,No,Yes,No
C1037,65,64.99,4141.66,One year,Fiber optic,Credit card,0,Yes,No,1,No,No,No
C1474,52,65.23,3334.27,Month-to-month,Fiber optic,Mailed check,2,Yes,Yes,0,Yes,Yes,No
C2780,50,50.0,2552.14,Month-to-month,Fiber optic,Bank transfer,0,No,No,0,No,Yes,Yes
C2699,3,29.71,84.57,Two year,No,Electronic check,3,Yes,Yes,0,No,No,No
C2351,29,103.64,2913.81,Two year,DSL,Mailed check,1,No,No,1,No,Yes,No
C2814,33,38.61,1203.7,Month-to-month,No,Mailed check,0,Yes,No,0,Yes,Yes,Yes
C3655,35,71.68,2445.53,Month-to-month,Fiber optic,Bank transfer,3,Yes,Yes,0,Yes,Yes,No
C1633,32,90.68,2929.13,Month-to-month,Fiber optic,Mailed check,1,No,No,0,Yes,Yes,No
C1144,2,51.04,143.79,Month-to-month,Fiber optic,Electronic check,1,No,Yes,0,Yes,Yes,Yes
C3667,26,38.65,862.33,One year,Fiber optic,Electronic check,1,No,Yes,0,No,No,No
C3862,25,78.82,2019.71,Month-to-month,DSL,Credit card,5,Yes,No,0,No,Yes,No
C3413,22,80.66,1841.2,Month-to-month,DSL,Mailed check,1,No,Yes,0,No,Yes,Yes
C2863,45,47.78,2115.59,Month-to-month,No,Credit card,1,Yes,No,0,Yes,Yes,Yes
C1382,23,57.56,1402.05,One year,Fiber optic,Mailed check,0,No,No,0,Yes,No,No
C2073,27,47.88,1194.85,Two year,DSL,Mailed check,2,No,Yes,0,No,No,No
C1236,56,77.2,4382.14,Month-to-month,DSL,Electronic check,0,No,Yes,1,No,No,No
C3937,65,78.95,5093.05,Month-to-month,No,Bank transfer,1,Yes,No,0,No,No,No
C2139,8,43.5,398.21,Month-to-month,DSL,Bank transfer,0,No,Yes,0,No,No,No
C2828,23,74.74,1696.45,One year,DSL,Mailed check,1,No,No,0,Yes,Yes,No
C3426,68,112.3,7640.71,One year,No,Credit card,0,Yes,Yes,0,No,Yes,No
C3279,70,15.0,1005.64,Month-to-month,No,Mailed check,1,No,Yes,0,No,No,No
C2150,48,65.5,3182.14,Month-to-month,Fiber optic,Mailed check,1,No,No,0,Yes,No,Yes
C1769,56,70.73,3988.74,Two year,DSL,Credit card,0,Yes,No,0,Yes,Yes,No
C1297,13,48.35,,Month-to-month,DSL,Bank transfer,1,Yes,No,0,Yes,Yes,No
C3600,36,37.56,1364.47,Month-to-month,DSL,Bank transfer,1,No,No,0,No,No,No
C2258,46,77.38,3537.15,Month-to-month,Fiber optic,Credit card,2,No,No,0,Yes,No,No
C2459,68,84.98,5765.36,One year,Fiber optic,Credit card,2,Yes,Yes,1,No,Yes,No
C2133,57,58.48,3275.96,Month-to-month,DSL,Electronic check,2,No,No,0,Yes,Yes,Yes
C1004,24,78.21,1784.54,Month-to-month,DSL,Electronic check,1,No,Yes,1,Yes,Yes,Yes
C3474,25,60.72,1519.59,Month-to-month,DSL,Bank transfer,0,No,Yes,0,No,Yes,Yes
C2859,14,73.18,1064.75,Two year,Fiber optic,Mailed check,1,No,Yes,0,Yes,Yes,No
C2179,39,31.24,1198.61,Month-to-month,DSL,Electronic check,3,Yes,No,1,No,Yes,Yes
C2142,47,77.06,3661.78,Month-to-month,DSL,Mailed check,3,No,Yes,1,No,Yes,No
C1101,13,93.84,1166.96,Two year,Fiber optic,Bank transfer,0,No,Yes,1,No,Yes,No
C1436,4,81.83,343.81,One year,Fiber optic,Bank transfer,0,Yes,No,0,No,Yes,No
C2091,20,61.73,1336.47,One year,DSL,Mailed check,1,No,Yes,0,Yes,Yes,No
C1609,40,22.47,892.06,Month-to-month,DSL,Electronic check,2,No,No,0,No,Yes,No
C3514,13,48.21,666.65,One year,DSL,Bank transfer,1,No,Yes,0,No,No,No
C2309,55,44.84,2466.13,Month-to-month,DSL,Credit card,0,Yes,Yes,0,Yes,Yes,Yes
C2154,55,92.64,5084.31,Two year,Fiber optic,Credit card,0,No,Yes,1,Yes,Yes,No
C1731,36,51.25,1835.36,One year,DSL,Credit card,3,Yes,No,1,Yes,Yes,No
C2389,26,49.34,1314.86,Month-to-month,Fiber optic,Electronic check,3,Yes,No,1,Yes,No,Yes
C1734,46,62.55,2795.71,Month-to-month,DSL,Mailed check,3,No,No,0,No,No,Yes
C3032,1,49.84,89.46,Month-to-month,DSL,Electronic check,1,No,No,0,Yes,Yes,Yes
C1467,56,80.25,4540.7,Two year,DSL,Bank transfer,3,Yes,No,0,Yes,Yes,No
C3966,41,73.32,3029.28,Month-to-month,DSL,Bank transfer,0,Yes,No,0,No,No,No
C2015,21,53.92,1201.86,Month-to-month,Fiber optic,Credit card,1,No,No,0,No,No,Yes
C2646,69,53.22,3717.76,Month-to-month,No,Electronic check,0,No,No,0,Yes,Yes,Yes
C2079,42,67.21,2858.54,Month-to-month,Fiber optic,Mailed check,2,Yes,Yes,0,Yes,No,Yes
C2754,49,39.86,1997.35,One year,No,Credit card,2,No,No,0,No,Yes,No
C2110,68,72.55,4890.31,One year,DSL,Mailed check,0,No,Yes,0,Yes,Yes,No
C3088,63,84.24,5367.2,Month-to-month,Fiber optic,Mailed check,2,No,No,0,Yes,Yes,Yes
C2435,47,68.42,3227.0,Month-to-month,Fiber optic,Bank transfer,1,Yes,Yes,0,No,No,Yes
C3814,63,68.37,4289.32,Month-to-month,DSL,Bank transfer,1,Yes,No,0,Yes,Yes,No
C1670,58,75.06,4383.21,Month-to-month,DSL,Mailed check,0,No,No,0,Yes,Yes,Yes
C3905,55,63.96,3480.26,Month-to-month,Fiber optic,Bank transfer,2,Yes,No,1,Yes,No,No
C2221,10,68.5,625.78,Month-to-month,Fiber optic,Mailed check,0,Yes,Yes,0,No,Yes,Yes
C2795,53,66.26,3528.02,Month-to-month,DSL,Mailed check,0,No,No,0,Yes,Yes,Yes
C3696,30,44.6,1351.49,Month-to-month,No,Electronic check,0,No,Yes,1,No,No,No
C2799,50,75.14,3706.98,Two year,Fiber optic,Mailed check,0,No,No,0,No,Yes,No
C1756,34,94.24,3159.4,Month-to-month,Fiber optic,Mailed check,3,No,No,0,Yes,No,Yes
C1701,15,87.37,1298.85,Month-to-month,Fiber optic,Credit card,2,Yes,Yes,0,Yes,Yes,No
C1284,58,54.33,3182.68,One year,No,Electronic check,1,Yes,No,0,No,No,Yes
C1115,31,68.68,2127.91,Two year,No,Electronic check,0,Yes,No,0,Yes,No,No
C3798,32,117.58,3729.28,Month-to-month,No,Credit card,0,No,No,0,No,No,Yes
C3808,63,69.29,4312.66,Two year,DSL,Bank transfer,0,No,No,0,No,Yes,No
C2835,42,43.75,1754.32,Two year,Fiber optic,Bank transfer,0,No,No,0,Yes,No,No
C3162,39,37.44,1516.83,One year,Fiber optic,Electronic check,0,Yes,Yes,0,Yes,No,No
C2515,53,59.81,3277.15,Two year,No,Electronic check,0,Yes,No,1,No,Yes,No
C1265,34,50.04,1728.66,Month-to-month,DSL,Credit card,0,Yes,No,0,Yes,Yes,Yes
C2843,5,54.12,278.81,Month-to-month,Fiber optic,Credit card,1,Yes,No,0,Yes,Yes,Yes
C1193,50,80.54,4035.62,Month-to-month,Fiber optic,Mailed check,2,Yes,No,1,Yes,No,No
C3139,44,54.11,2337.46,Month-to-month,No,Mailed check,1,No,No,0,Yes,Yes,No
C3454,8,65.5,539.1,Month-to-month,Fiber optic,Mailed check,0,No,Yes,0,Yes,Yes,Yes
C1782,50,43.3,2149.86,Two year,Fiber optic,Credit card,1,No,Yes,1,Yes,Yes,No
C2126,48,77.12,3717.89,One year,No,Bank transfer,0,No,Yes,1,Yes,Yes,No
C2492,25,56.46,1323.99,Month-to-month,No,Electronic check,1,Yes,Yes,1,Yes,No,No
C1733,27,62.15,1716.6,Month-to-month,DSL,Mailed check,1,No,No,0,Yes,No,No
C3990,9,66.09,672.99,Month-to-month,Fiber optic,Bank transfer,0,No,No,0,Yes,Yes,No
C1711,11,67.59,880.99,One year,Fiber optic,Credit card,1,No,No,0,No,Yes,Yes
C1946,30,36.64,1137.59,Two year,Fiber optic,Electronic check,1,Yes,Yes,0,No,Yes,No
C1735,18,87.02,1567.5,One year,Fiber optic,Mailed check,1,Yes,No,1,No,Yes,No
C1811,44,78.46,3505.33,One year,DSL,Bank transfer,0,Yes,No,0,No,Yes,No
C1627,16,72.47,1128.52,One year,Fiber optic,Credit card,2,No,No,1,Yes,Yes,No
C2409,66,54.04,3618.21,One year,DSL,Bank transfer,0,No,No,0,No,No,No
C3391,58,60.15,3465.02,One year,No,Mailed check,1,Yes,Yes,0,Yes,No,No
C1122,42,20.07,833.26,Two year,Fiber optic,Credit card,0,Yes,Yes,0,Yes,No,No
C2990,51,68.05,3403.3,Month-to-month,No,Credit card,3,No,Yes,0,Yes,Yes,Yes
C3264,53,62.33,3267.47,Month-to-month,DSL,Mailed check,0,Yes,Yes,0,No,No,No
C3230,11,81.06,920.09,Two year,DSL,Mailed check,1,Yes,No,0,Yes,Yes,No
C3010,65,66.43,4301.49,One year,No,Credit card,0,Yes,No,0,Yes,Yes,No
C2405,71,113.46,8091.04,Two year,DSL,Mailed check,0,Yes,No,0,No,No,No
C2441,19,77.89,1524.02,Month-to-month,No,Bank transfer,1,Yes,No,0,Yes,No,Yes
C3210,5,53.23,312.58,One year,DSL,Bank transfer,1,No,No,0,No,Yes,No
C2639,18,43.78,792.7,Month-to-month,DSL,Mailed check,0,No,No,0,No,Yes,No
C2977,58,69.11,3974.23,Month-to-month,DSL,Bank transfer,2,Yes,Yes,0,No,Yes,Yes
C1105,18,33.29,545.72,Two year,Fiber optic,Credit card,1,Yes,Yes,0,Yes,No,No
C1181,50,45.63,2322.47,One year,Fiber optic,Mailed check,1,No,No,0,No,No,No
C3030,6,97.7,587.4,Month-to-month,Fiber optic,Credit card,0,Yes,Yes,0,No,Yes,Yes
C1874,13,55.94,704.0,Month-to-month,Fiber optic,Mailed check,2,Yes,No,0,No,No,Yes
C2255,50,68.59,3418.97,Month-to-month,Fiber optic,Credit card,1,Yes,No,0,Yes,Yes,No
C3750,70,38.73,2699.05,One year,Fiber optic,Electronic check,1,Yes,Yes,0,No,Yes,No
C2282,55,49.32,2698.47,Month-to-month,Fiber optic,Mailed check,3,Yes,Yes,0,Yes,No,Yes
C2377,69,43.54,3004.71,Two year,Fiber optic,Electronic check,1,No,No,0,Yes,Yes,No
C1866,6,51.74,280.88,One year,No,Electronic check,0,No,No,1,No,Yes,No
C2567,53,55.53,2963.66,Month-to-month,Fiber optic,Credit card,0,No,No,0,No,No,Yes
C3469,42,69.35,3020.1,Month-to-month,DSL,Electronic check,2,Yes,No,0,No,No,Yes
C3348,3,83.17,118.16,One year,No,Mailed check,2,No,No,0,No,No,Yes
C1906,10,53.33,546.83,Month-to-month,No,Credit card,3,No,No,0,Yes,Yes,Yes
C3771,51,76.21,3799.12,Month-to-month,Fiber optic,Bank transfer,1,No,No,1,Yes,No,Yes
C1679,67,65.94,4447.37,One year,Fiber optic,Bank transfer,2,No,No,1,Yes,Yes,No
C2552,56,54.91,2983.9,Two year,Fiber optic,Credit card,1,No,Yes,0,Yes,Yes,No
C2153,11,53.08,564.23,Month-to-month,Fiber optic,Mailed check,0,Yes,No,0,No,No,Yes
C1959,45,46.8,2112.67,Month-to-month,Fiber optic,Bank transfer,1,Yes,No,0,No,Yes,Yes
C3722,35,34.32,1187.55,One year,DSL,Electronic check,2,Yes,No,0,Yes,Yes,No
C3757,27,32.46,,Month-to-month,Fiber optic,Mailed check,0,No,Yes,0,No,Yes,No
C2779,62,75.34,4655.45,Month-to-month,Fiber optic,Bank transfer,3,Yes,No,1,No,Yes,No
C3193,15,36.83,520.88,One year,DSL,Mailed check,0,No,No,0,Yes,Yes,Yes
C3864,25,72.73,1852.11,One year,DSL,Electronic check,1,No,Yes,1,No,Yes,No
C1963,3,50.71,118.64,Two year,DSL,Bank transfer,5,Yes,Yes,0,No,Yes,No
C2952,7,65.29,431.33,One year,Fiber optic,Electronic check,1,Yes,No,0,No,Yes,Yes
C3277,23,58.89,1286.35,Month-to-month,No,Credit card,0,No,No,0,Yes,Yes,No
C1271,25,74.19,1858.46,Month-to-month,DSL,Mailed check,2,No,No,0,Yes,No,No
C1099,65,41.63,,One year,Fiber optic,Mailed check,1,No,No,0,Yes,Yes,Yes
C1169,57,51.0,2892.27,One year,Fiber optic,Electronic check,1,No,Yes,0,Yes,No,No
C2711,68,21.66,1353.1,Month-to-month,Fiber optic,Mailed check,0,No,Yes,0,No,Yes,Yes
C2599,45,93.83,4269.93,Month-to-month,No,Bank transfer,2,No,Yes,0,No,No,No
C2053,7,46.56,365.88,Two year,DSL,Bank transfer,0,No,Yes,0,No,No,No
C2327,36,46.89,1740.81,One year,DSL,Electronic check,1,Yes,Yes,0,Yes,Yes,No
C1668,22,87.77,2060.29,Month-to-month,Fiber optic,Bank transfer,0,Yes,No,0,No,Yes,Yes
C1509,28,49.13,1366.07,One year,DSL,Mailed check,2,No,No,0,Yes,No,No
C3525,4,34.61,186.15,Month-to-month,DSL,Mailed check,0,No,Yes,0,No,No,Yes
C1247,33,28.09,949.2,One year,DSL,Mailed check,1,No,No,0,Yes,Yes,No
C1745,66,35.26,2402.53,One year,No,Electronic check,3,No,Yes,0,Yes,No,Yes
C1699,58,61.74,3589.98,One year,Fiber optic,Credit card,4,No,No,0,Yes,No,Yes
C1427,60,87.97,5307.64,One year,Fiber optic,Electronic check,1,Yes,No,1,No,Yes,No
C3596,66,86.29,5640.29,Month-to-month,No,Mailed check,3,No,No,0,Yes,Yes,Yes
C1153,53,85.47,4539.56,Month-to-month,DSL,Bank transfer,0,No,No,0,Yes,Yes,Yes
C3125,17,34.57,578.69,Month-to-month,DSL,Bank transfer,2,Yes,No,0,No,Yes,Yes
C3440,26,46.48,1250.93,Month-to-month,Fiber optic,Bank transfer,2,Yes,No,0,Yes,Yes,Yes
C1010,40,63.61,2585.05,Month-to-month,Fiber optic,Bank transfer,0,No,Yes,0,Yes,Yes,Yes
C3516,15,51.81,868.07,Month-to-month,Fiber optic,Mailed check,2,Yes,No,0,No,Yes,Yes
C1825,59,71.65,4213.41,One year,DSL,Electronic check,2,No,No,0,Yes,No,No
C2363,51,36.88,1968.33,Month-to-month,No,Bank transfer,3,Yes,No,0,No,Yes,No
C1807,67,37.91,2576.44,Two year,No,Mailed check,0,No,Yes,1,Yes,Yes,No
C1976,38,81.12,3080.88,One year,Fiber optic,Electronic check,1,No,Yes,0,No,No,Yes
C2940,8,50.57,359.0,Two year,No,Credit card,2,No,No,1,Yes,No,No
C1340,29,61.78,1698.1,Month-to-month,DSL,Mailed check,3,No,No,1,No,No,Yes
C3458,14,76.58,1028.9,One year,No,Electronic check,1,Yes,Yes,0,Yes,Yes,Yes
C1829,4,84.68,308.4,One year,Fiber optic,Bank transfer,2,No,No,0,Yes,Yes,No
C3153,39,26.73,1027.31,Two year,DSL,Electronic check,2,Yes,No,0,No,Yes,No
C3105,69,92.54,6415.08,Month-to-month,Fiber optic,Electronic check,3,Yes,No,0,Yes,Yes,Yes
C2901,61,69.17,4219.84,One year,Fiber optic,Electronic check,0,No,No,0,No,Yes,Yes
C1962,69,50.59,3474.11,Month-to-month,Fiber optic,Credit card,1,No,Yes,0,No,Yes,Yes
C2257,42,50.16,2080.09,Two year,Fiber optic,Credit card,1,Yes,No,0,No,No,No
C1843,17,26.53,449.55,One year,DSL,Credit card,1,No,No,1,No,No,Yes
C3284,62,87.44,5393.38,One year,Fiber optic,Electronic check,1,Yes,No,0,No,Yes,No
C1420,23,87.94,2015.28,Month-to-month,DSL,Bank transfer,2,Yes,No,0,No,No,No
C1498,3,60.67,109.8,One year,Fiber optic,Electronic check,0,No,No,0,No,Yes,Yes
C1416,47,50.58,2357.87,Two year,Fiber optic,Bank transfer,3,No,Yes,0,No,Yes,Yes
C1620,2,66.57,85.8,One year,DSL,Electronic check,0,Yes,Yes,0,No,Yes,Yes
C3470,41,83.11,3419.22,One year,DSL,Bank transfer,3,No,Yes,0,Yes,Yes,Yes
C3272,42,69.5,2909.86,Two year,Fiber optic,Mailed check,1,Yes,Yes,0,Yes,No,No
C1360,68,87.21,5861.97,One year,DSL,Electronic check,2,Yes,No,0,No,Yes,No
C2013,33,45.94,1539.26,Two year,DSL,Electronic check,0,Yes,Yes,0,No,Yes,No
C3029,6,54.31,361.07,One year,Fiber optic,Bank transfer,2,No,Yes,0,No,No,No
C2540,64,56.09,3683.03,Month-to-month,Fiber optic,Bank transfer,2,No,Yes,0,Yes,No,No
C3422,64,99.95,6441.92,One year,No,Mailed check,0,No,No,0,Yes,Yes,No
C3885,36,56.67,2089.0,Month-to-month,No,Bank transfer,2,Yes,Yes,0,Yes,Yes,No
C1468,18,86.82,1616.7,Month-to-month,DSL,Electronic check,1,No,No,0,Yes,Yes,Yes
C3409,49,82.62,4054.82,Month-to-month,No,Mailed check,0,Yes,Yes,0,Yes,No,No
C1137,43,55.99,2297.24,Two year,DSL,Electronic check,1,Yes,Yes,0,Yes,No,No
C3093,51,49.87,2593.97,One year,Fiber optic,Credit card,1,No,Yes,0,Yes,No,Yes
C2465,8,91.03,732.42,Two year,DSL,Electronic check,0,Yes,No,0,Yes,Yes,No
C3283,22,60.4,1376.34,One year,DSL,Mailed check,1,No,Yes,0,Yes,Yes,No
C1840,16,41.09,654.1,One year,Fiber optic,Electronic check,2,Yes,No,0,Yes,Yes,No
C2490,27,88.04,2362.33,One year,Fiber optic,Bank transfer,0,Yes,No,0,No,Yes,No
C3647,44,65.86,2809.42,Month-to-month,DSL,Electronic check,1,No,Yes,0,Yes,Yes,Yes
C2074,62,85.49,5218.86,One year,DSL,Electronic check,0,No,Yes,0,Yes,Yes,No
C2559,9,66.95,,Two year,Fiber optic,Bank transfer,1,Yes,Yes,0,Yes,No,Yes
C1691,15,110.66,1674.36,Two year,No,Bank transfer,2,Yes,No,0,No,Yes,No
C3672,13,55.39,686.43,Two year,No,Bank transfer,1,No,No,0,Yes,No,No
C2290,31,59.19,1796.01,Month-to-month,No,Bank transfer,1,No,No,0,Yes,Yes,Yes
C2510,11,84.94,928.95,Month-to-month,Fiber optic,Credit card,1,No,Yes,0,Yes,Yes,Yes
C1224,30,86.98,2656.73,Month-to-month,Fiber optic,Mailed check,2,No,No,1,No,Yes,No
C3671,56,58.67,3252.76,One year,DSL,Mailed check,0,No,Yes,0,Yes,No,No
C3488,12,99.82,1152.21,Month-to-month,No,Bank transfer,1,Yes,No,0,No,Yes,No
C3237,47,67.45,3183.17,Month-to-month,DSL,Credit card,1,Yes,No,0,Yes,No,Yes
C2458,40,92.55,3693.3,Month-to-month,DSL,Mailed check,2,No,No,0,Yes,No,No
C1995,70,89.54,6220.97,One year,DSL,Electronic check,0,No,No,0,No,No,No
C2903,43,15.0,565.69,Month-to-month,Fiber optic,Credit card,2,No,No,0,No,Yes,No
C2910,17,81.45,1387.84,Two year,DSL,Mailed check,4,Yes,Yes,0,Yes,No,No
C2677,10,17.08,204.63,Two year,Fiber optic,Electronic check,1,No,Yes,0,Yes,Yes,Yes
C3064,49,25.12,1167.17,Month-to-month,DSL,Electronic check,2,Yes,No,0,No,Yes,Yes
C1080,44,37.55,1673.64,Month-to-month,DSL,Credit card,0,Yes,Yes,0,Yes,Yes,Yes
C2175,45,53.05,2372.07,Month-to-month,Fiber optic,Mailed check,0,No,No,0,Yes,No,No
C1033,10,59.23,556.42,Two year,Fiber optic,Bank transfer,2,No,No,0,No,No,No
C2355,39,70.46,2688.32,Two year,DSL,Credit card,1,Yes,No,1,No,Yes,No
C2063,62,31.49,2036.68,Two year,Fiber optic,Credit card,0,Yes,Yes,0,No,No,No
C2240,3,58.33,166.96,One year,No,Mailed check,1,No,No,0,No,Yes,No
C3201,6,23.82,152.57,Month-to-month,DSL,Mailed check,0,Yes,Yes,0,Yes,Yes,No
C2634,53,56.52,2921.49,Month-to-month,Fiber optic,Mailed check,1,No,Yes,0,No,Yes,No
C1999,46,59.96,2756.9,Month-to-month,Fiber optic,Mailed check,1,No,No,0,Yes,Yes,Yes
C3810,47,60.22,2823.76,One year,No,Bank transfer,1,Yes,Yes,0,No,Yes,No
C2992,35,32.39,1178.09,One year,DSL,Mailed check,3,No,Yes,0,No,No,Yes
C1804,37,85.88,3215.54,Month-to-month,Fiber optic,Bank transfer,1,No,No,1,No,Yes,No
C1134,41,90.4,3758.42,Two year,Fiber optic,Credit card,1,Yes,No,0,No,Yes,No
C1324,5,75.02,357.77,Month-to-month,Fiber optic,Credit card,0,Yes,No,0,No,Yes,No
C3633,21,73.86,1535.79,Month-to-month,Fiber optic,Bank transfer,3,No,No,0,No,Yes,Yes
C1879,42,82.93,3499.12,Two year,Fiber optic,Bank transfer,3,No,No,1,No,No,No
C1913,9,52.88,462.87,Month-to-month,DSL,Bank transfer,1,No,Yes,0,No,Yes,Yes
C2112,33,73.25,2465.5,Two year,No,Electronic check,0,No,No,0,Yes,Yes,No
C3746,58,64.97,3798.48,Month-to-month,Fiber optic,Electronic check,3,Yes,No,1,Yes,No,Yes
C2407,62,93.85,5857.91,Month-to-month,Fiber optic,Electronic check,2,Yes,No,1,No,Yes,No
C3205,24,118.62,2845.5,One year,Fiber optic,Bank transfer,0,Yes,No,0,No,Yes,No
C2452,32,79.41,2600.11,Month-to-month,DSL,Credit card,3,No,No,0,Yes,No,Yes
C3233,13,65.99,968.65,Month-to-month,DSL,Mailed check,2,Yes,No,0,Yes,Yes,No
C3642,60,80.65,4781.43,One year,Fiber optic,Bank transfer,1,No,Yes,1,Yes,Yes,No
C2395,35,60.33,2082.37,Month-to-month,Fiber optic,Credit card,3,No,No,0,Yes,Yes,Yes
C3428,1,71.07,151.38,Two year,DSL,Credit card,1,No,Yes,0,No,Yes,Yes
C2345,46,42.05,1912.24,Two year,Fiber optic,Credit card,3,No,Yes,1,Yes,Yes,No
C1863,31,42.64,1313.33,Month-to-month,No,Mailed check,0,No,No,0,Yes,No,No
C1023,57,31.44,1800.25,Two year,DSL,Credit card,0,No,No,0,No,No,No
C1148,26,79.88,2104.37,Month-to-month,DSL,Credit card,2,No,No,0,Yes,No,No
C2665,21,46.96,1020.49,Two year,DSL,Credit card,2,Yes,Yes,0,Yes,No,No
C2911,24,55.73,1288.48,One year,DSL,Electronic check,0,Yes,No,0,Yes,No,No
C3982,26,59.83,1610.93,Two year,Fiber optic,Credit card,1,No,No,0,No,Yes,No
C2415,46,68.33,3179.49,Two year,Fiber optic,Electronic check,2,Yes,Yes,0,No,No,No
C3181,36,80.87,2846.94,Month-to-month,Fiber optic,Electronic check,0,No,No,0,Yes,Yes,No
C1930,5,66.86,379.23,Month-to-month,No,Bank transfer,0,No,No,0,No,Yes,No
C3157,4,29.99,173.61,Month-to-month,DSL,Bank transfer,1,Yes,Yes,0,Yes,No,Yes
C1279,44,57.36,2528.27,Month-to-month,No,Mailed check,0,No,Yes,0,Yes,No,Yes
C3307,14,24.46,353.26,Two year,Fiber optic,Credit card,0,Yes,No,1,Yes,No,No
C1076,49,65.71,3241.08,Month-to-month,Fiber optic,Electronic check,3,No,No,0,Yes,No,Yes
C2357,66,38.65,2517.15,Month-to-month,Fiber optic,Electronic check,1,Yes,Yes,0,No,No,No
C3658,51,81.91,4188.68,One year,Fiber optic,Credit card,0,No,Yes,0,No,No,No
C3033,11,81.65,815.42,Two year,Fiber optic,Mailed check,1,No,No,0,Yes,No,No
C3652,57,84.95,4845.88,Two year,DSL,Electronic check,0,Yes,Yes,0,Yes,No,No
C3119,44,65.94,2803.16,One year,DSL,Mailed check,2,Yes,No,0,Yes,Yes,No
C2840,14,88.61,1173.88,One year,Fiber optic,Bank transfer,0,Yes,No,0,No,Yes,No
C3171,24,40.41,905.87,Month-to-month,DSL,Electronic check,2,Yes,No,0,Yes,Yes,No
C2785,30,66.64,,One year,Fiber optic,Mailed check,1,No,No,1,No,Yes,Yes
C1546,34,60.73,2072.48,One year,Fiber optic,Credit card,0,No,No,0,No,No,No
C3280,40,54.34,2181.38,Month-to-month,No,Credit card,0,No,No,0,Yes,Yes,Yes
C1500,67,47.94,3247.43,Month-to-month,No,Bank transfer,3,Yes,No,0,Yes,Yes,Yes
C3620,29,78.22,2225.61,Month-to-month,DSL,Credit card,2,No,Yes,0,Yes,Yes,Yes
C3107,6,48.49,328.76,Two year,No,Bank transfer,1,Yes,No,0,Yes,Yes,No
C1505,5,91.73,507.71,One year,Fiber optic,Electronic check,1,No,Yes,0,Yes,Yes,No
C3762,47,59.12,2873.14,Month-to-month,DSL,Credit card,1,Yes,No,0,Yes,Yes,Yes
C3799,37,80.29,3016.62,One year,DSL,Mailed check,0,No,Yes,0,Yes,Yes,No
C3189,41,76.83,3172.76,Month-to-month,No,Mailed check,1,No,No,0,Yes,Yes,Yes
C3447,62,80.78,5078.93,Month-to-month,No,Electronic check,2,No,No,0,Yes,No,No
C2756,25,84.58,2194.72,One year,Fiber optic,Credit card,1,Yes,Yes,0,Yes,No,No
C1957,19,91.13,1676.99,Two year,No,Electronic check,4,Yes,No,0,No,Yes,No
C3631,50,27.92,1368.94,Month-to-month,Fiber optic,Mailed check,2,Yes,No,0,No,No,Yes
C1165,65,97.39,6340.56,One year,DSL,Mailed check,1,Yes,No,0,No,Yes,No
C2449,56,73.65,4131.31,One year,Fiber optic,Electronic check,1,Yes,No,1,Yes,No,No
C1201,9,55.51,497.9,One year,Fiber optic,Electronic check,1,Yes,No,0,No,Yes,No
C3712,15,32.38,460.68,Two year,Fiber optic,Mailed check,1,Yes,Yes,0,No,Yes,No
C1238,71,33.39,2346.21,Month-to-month,No,Credit card,0,Yes,No,0,Yes,Yes,No
C2050,57,44.64,2695.38,Month-to-month,Fiber optic,Credit card,1,Yes,No,0,Yes,Yes,Yes
C1985,55,93.79,5160.45,Month-to-month,Fiber optic,Electronic check,1,Yes,No,0,No,Yes,No
C1552,10,78.79,822.67,Month-to-month,Fiber optic,Mailed check,2,Yes,No,0,No,No,No
C3229,66,42.12,2844.97,Month-to-month,DSL,Credit card,3,No,No,0,No,Yes,No
C3116,43,39.44,1723.65,Month-to-month,DSL,Credit card,0,Yes,Yes,1,No,Yes,No
C3170,61,64.89,4021.95,One year,Fiber optic,Mailed check,3,No,No,0,No,Yes,Yes
C3000,66,83.61,5547.42,Month-to-month,Fiber optic,Mailed check,1,No,Yes,0,Yes,Yes,Yes
C1989,36,83.82,3051.88,Month-to-month,Fiber optic,Electronic check,2,No,Yes,0,No,No,No
C3988,34,49.34,1688.2,Month-to-month,DSL,Mailed check,3,Yes,Yes,0,Yes,Yes,No
C2195,26,65.03,1694.95,Two year,DSL,Mailed check,1,No,No,0,No,Yes,No
C2280,61,56.76,3520.39,Month-to-month,Fiber optic,Credit card,2,No,Yes,0,Yes,No,Yes
C2399,24,82.04,2002.02,Month-to-month,No,Bank transfer,0,No,No,0,No,Yes,No
C1623,3,73.49,197.99,Two year,Fiber optic,Mailed check,0,Yes,No,0,Yes,Yes,No
C1048,22,66.73,1391.5,One year,DSL,Credit card,1,Yes,No,0,No,Yes,No
C2807,47,34.12,1643.03,Month-to-month,Fiber optic,Credit card,0,Yes,No,0,No,No,Yes
C3476,23,71.37,1657.93,Month-to-month,No,Credit card,2,Yes,Yes,0,No,Yes,No
C3459,6,35.57,252.8,Month-to-month,DSL,Bank transfer,2,No,Yes,0,No,Yes,Yes
C3841,18,63.79,1088.49,Month-to-month,Fiber optic,Credit card,0,No,Yes,0,No,No,No
C3715,5,88.09,509.84,Month-to-month,Fiber optic,Bank transfer,1,No,No,0,No,Yes,Yes
C3585,25,67.79,1673.4,Month-to-month,Fiber optic,Electronic check,0,No,No,1,No,Yes,No
C1114,7,52.52,356.39,Month-to-month,Fiber optic,Credit card,0,No,Yes,1,No,No,Yes
C2787,25,67.34,1636.63,Month-to-month,DSL,Credit card,0,Yes,No,0,Yes,Yes,No
C2378,20,90.32,1655.32,Month-to-month,Fiber optic,Mailed check,0,No,Yes,0,Yes,No,Yes
C1790,14,67.1,908.08,Month-to-month,No,Credit card,1,No,Yes,0,Yes,Yes,No
C3886,31,63.89,2095.52,Month-to-month,Fiber optic,Credit card,3,No,No,0,Yes,Yes,Yes
C2954,34,95.93,3241.93,Month-to-month,Fiber optic,Bank transfer,0,Yes,Yes,1,No,Yes,No
C1896,65,90.32,5904.44,Two year,Fiber optic,Mailed check,0,No,No,0,Yes,No,Yes
C2096,30,38.98,1180.24,Month-to-month,DSL,Electronic check,1,No,No,1,Yes,Yes,Yes
C3340,52,96.61,4994.81,Two year,Fiber optic,Mailed check,2,Yes,No,0,Yes,No,No
C2193,49,71.55,3519.13,One year,DSL,Bank transfer,1,No,Yes,0,No,No,No
C1220,70,87.96,6213.99,Two year,Fiber optic,Bank transfer,0,No,No,0,Yes,Yes,No
C1514,1,47.53,68.34,Two year,No,Bank transfer,1,No,No,0,Yes,Yes,No
C1150,65,21.2,1416.46,Two year,No,Credit card,2,Yes,Yes,0,Yes,Yes,No
C2431,52,82.34,4265.78,Month-to-month,Fiber optic,Mailed check,0,No,No,0,No,Yes,No
C1715,50,67.65,3404.15,Two year,DSL,Mailed check,1,Yes,Yes,0,No,Yes,No
C2483,41,47.34,2002.25,Month-to-month,Fiber optic,Mailed check,0,Yes,Yes,0,No,No,No
C3827,10,86.84,881.47,One year,DSL,Bank transfer,1,Yes,Yes,1,Yes,Yes,Yes
C2128,56,56.7,3158.42,Two year,DSL,Bank transfer,0,Yes,No,0,No,Yes,No
C3640,68,71.42,4856.54,Month-to-month,Fiber optic,Credit card,1,Yes,No,0,Yes,No,No
C2798,7,104.62,727.88,Month-to-month,Fiber optic,Electronic check,0,No,No,0,No,No,Yes
C2095,25,64.97,1672.2,One year,Fiber optic,Credit card,3,No,Yes,0,No,Yes,No
C1953,28,51.76,1461.69,Month-to-month,Fiber optic,Mailed check,0,No,Yes,0,Yes,Yes,Yes
C1862,42,49.61,1971.86,Month-to-month,DSL,Bank transfer,0,Yes,No,0,No,Yes,No
C3434,61,54.08,3364.7,Month-to-month,Fiber optic,Mailed check,0,No,No,0,No,Yes,Yes
C3872,25,76.12,1978.23,Two year,DSL,Credit card,2,No,No,0,No,Yes,No
C3399,47,59.71,2790.2,Month-to-month,DSL,Mailed check,1,No,No,1,No,No,Yes
C2868,53,46.08,2457.91,One year,No,Mailed check,1,Yes,Yes,0,Yes,Yes,No
C1188,48,62.73,3010.53,Month-to-month,Fiber optic,Electronic check,2,No,Yes,0,No,No,Yes
C2757,49,42.63,2090.16,Two year,No,Mailed check,3,No,No,0,No,No,No
C1923,6,42.0,163.06,One year,DSL,Credit card,0,Yes,No,0,No,Yes,No
C2643,14,66.42,905.05,One year,Fiber optic,Mailed check,1,No,No,0,Yes,No,No
C3916,36,63.65,2229.68,Month-to-month,No,Mailed check,0,Yes,No,0,No,Yes,No
C2824,8,42.3,314.85,Month-to-month,Fiber optic,Electronic check,1,No,No,1,Yes,No,Yes
C3739,57,46.08,2580.79,One year,DSL,Credit card,1,No,Yes,0,No,No,No
C2054,24,91.23,2220.06,Month-to-month,Fiber optic,Electronic check,1,Yes,No,0,Yes,Yes,Yes
C3713,28,76.57,2182.77,Month-to-month,No,Bank transfer,0,Yes,No,0,No,Yes,Yes
C3825,4,56.2,281.38,Month-to-month,Fiber optic,Electronic check,1,Yes,Yes,0,Yes,Yes,Yes
C3963,59,61.66,3635.45,Two year,No,Electronic check,0,No,No,0,Yes,No,No
C1268,60,59.14,3672.09,Month-to-month,Fiber optic,Credit card,2,Yes,Yes,1,No,No,Yes
C1308,58,118.2,6900.94,One year,Fiber optic,Mailed check,1,No,Yes,0,Yes,Yes,Yes
C3062,13,98.2,1224.63,One year,Fiber optic,Bank transfer,0,Yes,No,0,No,No,No
C2961,71,59.93,4226.38,Two year,Fiber optic,Mailed check,0,No,No,0,No,No,No
C3844,1,52.35,65.99,Month-to-month,DSL,Credit card,0,Yes,No,0,No,Yes,No
C2242,60,74.6,4508.56,Month-to-month,No,Electronic check,1,No,No,0,Yes,Yes,Yes
C3554,68,39.97,2749.86,Month-to-month,Fiber optic,Bank transfer,3,Yes,No,0,Yes,No,No
C3043,67,75.95,5081.97,Month-to-month,Fiber optic,Credit card,2,No,Yes,0,No,Yes,No
C2090,53,80.8,4271.23,Month-to-month,DSL,Credit card,2,No,No,1,Yes,Yes,Yes
C1821,53,57.79,3113.1,Two year,No,Electronic check,1,No,No,0,No,Yes,No
C3926,8,75.69,550.91,Month-to-month,No,Mailed check,2,Yes,No,1,Yes,Yes,Yes
C1107,50,70.91,3508.97,One year,DSL,Credit card,2,Yes,Yes,1,Yes,Yes,No
C3362,25,51.24,1340.37,Two year,DSL,Bank transfer,1,No,No,0,Yes,No,No
C3968,54,61.28,3279.65,Month-to-month,Fiber optic,Electronic check,1,Yes,Yes,0,Yes,No,Yes
C2413,42,99.33,4234.73,Month-to-month,DSL,Electronic check,2,No,No,0,Yes,Yes,No
C2256,21,82.9,1773.7,One year,Fiber optic,Credit card,2,No,Yes,0,No,No,No
C3816,4,65.34,252.28,Month-to-month,Fiber optic,Credit card,0,No,Yes,0,No,No,Yes
C2364,7,77.58,585.2,Month-to-month,DSL,Electronic check,2,Yes,No,0,No,Yes,No
C3401,39,71.96,2789.74,Two year,Fiber optic,Bank transfer,2,No,No,0,No,Yes,No
C1457,42,87.42,3700.24,Month-to-month,DSL,Mailed check,4,Yes,No,0,No,Yes,Yes
C2275,27,61.02,1654.46,Month-to-month,Fiber optic,Mailed check,1,Yes,Yes,0,Yes,Yes,Yes
C1758,26,61.27,1588.75,Month-to-month,Fiber optic,Mailed check,2,No,No,1,Yes,No,No
C1706,45,84.76,3843.94,Two year,DSL,Credit card,2,No,No,0,Yes,No,No
C3755,2,65.96,85.13,One year,No,Credit card,0,No,No,0,No,No,No
C3408,18,58.47,1096.75,One year,No,Electronic check,1,No,No,0,Yes,Yes,No
C2294,43,91.25,3887.56,One year,No,Mailed check,3,No,Yes,0,No,Yes,Yes
C1092,45,72.4,3311.34,Month-to-month,DSL,Electronic check,5,No,No,0,No,Yes,Yes
C1816,20,71.31,1315.74,Month-to-month,DSL,Mailed check,0,Yes,Yes,0,Yes,Yes,No
C3884,65,95.96,6218.48,One year,Fiber optic,Credit card,2,No,Yes,0,No,Yes,No
C1855,53,46.07,2452.12,Two year,No,Mailed check,2,No,Yes,0,No,Yes,No
C1869,14,81.85,1121.9,One year,DSL,Mailed check,1,No,Yes,0,Yes,Yes,No
C2025,39,72.21,2821.28,One year,DSL,Electronic check,0,No,No,0,No,No,No
C1142,14,65.63,894.9,Month-to-month,DSL,Credit card,0,No,Yes,1,Yes,Yes,Yes
C3517,66,46.12,3023.43,Two year,DSL,Electronic check,1,No,No,1,No,Yes,No
C2482,11,72.4,851.52,Month-to-month,DSL,Electronic check,3,Yes,No,0,Yes,Yes,Yes
C2473,47,54.99,2576.75,Month-to-month,DSL,Credit card,1,No,No,0,No,Yes,No
C1162,16,39.6,674.8,Two year,Fiber optic,Mailed check,2,No,No,0,Yes,No,No
C3944,67,81.28,5501.5,Month-to-month,Fiber optic,Mailed check,3,Yes,No,0,No,No,Yes
C1861,15,80.29,1176.85,Month-to-month,Fiber optic,Bank transfer,0,Yes,No,0,No,Yes,Yes
C3419,20,15.0,255.57,Month-to-month,Fiber optic,Bank transfer,0,Yes,No,0,Yes,Yes,No
C1616,27,65.09,1772.53,Month-to-month,Fiber optic,Credit card,2,No,No,0,No,No,No
C2693,22,113.22,2467.88,Two year,DSL,Mailed check,0,No,No,0,Yes,Yes,No
C2427,67,66.07,4471.19,One year,DSL,Bank transfer,1,No,No,0,No,Yes,Yes
C3145,39,86.81,3433.18,One year,Fiber optic,Mailed check,0,No,No,0,Yes,No,Yes
C2450,55,75.7,4138.75,Month-to-month,Fiber optic,Credit card,1,No,No,1,Yes,Yes,Yes
C3999,32,87.52,2794.43,Month-to-month,Fiber optic,Electronic check,1,No,Yes,0,No,No,Yes
C3977,43,66.79,2933.75,One year,DSL,Electronic check,2,No,No,0,Yes,Yes,No
C1570,11,62.83,645.06,Two year,DSL,Bank transfer,1,Yes,No,1,Yes,Yes,No
C1710,58,48.27,2858.53,Month-to-month,DSL,Bank transfer,0,Yes,Yes,0,Yes,No,No
C3873,16,63.61,1042.83,One year,Fiber optic,Bank transfer,3,No,No,0,Yes,Yes,No
C1931,7,72.29,490.39,Month-to-month,Fiber optic,Bank transfer,0,No,No,0,Yes,Yes,Yes
C1327,21,58.39,1073.13,Month-to-month,No,Electronic check,2,No,No,0,Yes,Yes,No
C3939,5,38.76,200.32,Month-to-month,DSL,Electronic check,1,No,Yes,1,No,Yes,Yes
C1579,1,45.42,147.34,One year,No,Credit card,0,No,Yes,0,No,Yes,No
C2401,67,99.36,6660.77,One year,No,Bank transfer,2,Yes,No,0,No,Yes,No
C2578,10,47.29,538.87,Month-to-month,Fiber optic,Mailed check,1,No,Yes,0,No,No,Yes
C1857,18,82.17,1492.31,Two year,No,Bank transfer,1,Yes,Yes,0,No,Yes,No
C2533,67,50.8,3413.51,Month-to-month,Fiber optic,Credit card,2,Yes,No,0,Yes,Yes,No
C1925,1,84.76,126.91,Month-to-month,Fiber optic,Bank transfer,0,Yes,No,0,Yes,Yes,Yes
C3740,11,66.21,679.55,Two year,DSL,Mailed check,0,No,Yes,1,No,Yes,No
C2001,43,66.17,2811.67,Month-to-month,No,Bank transfer,3,No,No,0,Yes,No,No
C1951,53,45.8,2486.91,Two year,Fiber optic,Electronic check,3,No,No,0,Yes,No,Yes
C3566,67,87.05,5924.1,Month-to-month,No,Mailed check,2,Yes,No,0,Yes,Yes,No
C1244,36,70.73,2515.27,Two year,No,Credit card,1,No,No,0,Yes,Yes,No
C1321,3,58.51,115.45,Month-to-month,DSL,Electronic check,0,Yes,No,0,No,No,Yes
C1787,9,39.35,230.58,Month-to-month,Fiber optic,Credit card,1,No,No,0,No,No,Yes
C1854,35,43.13,1557.53,One year,DSL,Credit card,1,Yes,No,0,No,No,No
C2826,9,47.75,440.92,One year,DSL,Electronic check,1,Yes,No,0,No,Yes,No
C3795,45,59.75,2622.02,Two year,Fiber optic,Bank transfer,2,Yes,Yes,0,No,Yes,No
C2131,11,108.16,1174.21,Month-to-month,Fiber optic,Mailed check,1,Yes,Yes,0,No,Yes,Yes
C2451,21,74.8,1555.21,Month-to-month,Fiber optic,Bank transfer,3,Yes,No,0,Yes,Yes,Yes
C3479,14,56.99,783.04,Month-to-month,Fiber optic,Credit card,1,No,Yes,0,No,Yes,No
C3980,65,65.27,4262.98,Month-to-month,DSL,Mailed check,0,No,Yes,0,No,No,No
C3659,12,66.92,805.99,One year,DSL,Credit card,1,No,No,0,Yes,Yes,Yes
C2124,44,39.24,1726.27,Two year,Fiber optic,Bank transfer,1,No,Yes,0,No,Yes,No
C1881,13,47.35,598.65,Month-to-month,Fiber optic,Mailed check,2,Yes,Yes,0,No,Yes,Yes
C3895,47,60.75,2973.97,Two year,DSL,Credit card,0,Yes,No,0,No,Yes,No
C2211,1,69.72,17.16,Month-to-month,Fiber optic,Credit card,1,No,Yes,0,No,Yes,Yes
C2631,39,93.82,3628.41,Month-to-month,DSL,Credit card,0,Yes,No,0,No,Yes,Yes
C2836,11,73.59,892.34,Month-to-month,DSL,Credit card,0,Yes,No,1,No,Yes,Yes
C2030,31,58.93,1931.56,Month-to-month,DSL,Bank transfer,0,No,No,0,Yes,No,Yes
C3780,37,42.47,1661.4,Two year,Fiber optic,Electronic check,2,Yes,No,0,Yes,Yes,No
C1884,11,57.85,557.93,Month-to-month,DSL,Bank transfer,0,No,No,0,Yes,Yes,Yes
C2318,14,87.47,1230.75,One year,DSL,Electronic check,3,No,No,0,Yes,Yes,No
C3370,66,31.82,2125.9,Month-to-month,Fiber optic,Credit card,1,Yes,No,1,Yes,No,No
C1519,67,49.72,3319.52,Month-to-month,Fiber optic,Mailed check,0,Yes,Yes,0,No,Yes,No
C1056,31,66.42,2018.48,Month-to-month,Fiber optic,Bank transfer,0,No,Yes,0,Yes,Yes,Yes
C2151,71,87.54,6177.04,One year,Fiber optic,Bank transfer,1,No,No,0,No,No,Yes
C1844,50,103.69,5156.39,Month-to-month,No,Bank transfer,0,No,No,0,No,No,No
C3312,11,32.69,376.84,Two year,Fiber optic,Credit card,1,No,No,0,No,Yes,Yes
C3513,57,46.51,2698.95,Month-to-month,Fiber optic,Bank transfer,0,Yes,No,0,No,Yes,No
C1771,37,71.71,2709.43,One year,Fiber optic,Credit card,3,No,Yes,0,No,Yes,Yes
C1255,48,24.44,1170.73,Month-to-month,DSL,Electronic check,3,Yes,No,0,Yes,Yes,No
C2353,30,59.98,1765.82,One year,Fiber optic,Electronic check,2,No,No,0,Yes,No,No
C1235,45,105.28,4760.85,Month-to-month,DSL,Electronic check,0,No,Yes,1,Yes,Yes,Yes
C3621,8,81.62,683.71,Two year,Fiber optic,Mailed check,2,Yes,No,0,Yes,Yes,No
C2860,23,69.14,1629.79,Two year,Fiber optic,Credit card,1,No,No,0,No,No,Yes
C3677,42,59.21,2521.51,Month-to-month,DSL,Bank transfer,0,Yes,No,0,No,No,Yes
C1343,46,62.76,2936.6,Two year,No,Credit card,1,Yes,No,1,No,No,No
C1338,1,78.91,106.14,Month-to-month,DSL,Mailed check,0,Yes,No,1,No,Yes,No
C1696,7,62.63,446.78,Month-to-month,DSL,Bank transfer,2,No,Yes,1,No,Yes,Yes
C1990,26,61.33,1507.11,Month-to-month,Fiber optic,Electronic check,0,No,Yes,0,Yes,Yes,Yes
C2428,65,62.27,4099.8,Month-to-month,DSL,Credit card,2,Yes,No,0,Yes,Yes,Yes
C2955,71,51.04,3574.16,Two year,No,Credit card,4,No,No,0,No,Yes,No
C3159,66,50.61,3431.49,One year,Fiber optic,Credit card,3,Yes,No,0,No,Yes,No
C1315,64,56.45,3678.85,One year,Fiber optic,Credit card,2,No,No,0,No,Yes,No
C2876,70,62.62,4384.08,One year,Fiber optic,Bank transfer,0,No,No,0,No,No,No
C2144,49,60.25,,One year,DSL,Credit card,0,Yes,Yes,0,No,Yes,No
C2325,1,54.39,57.57,Month-to-month,No,Credit card,3,No,No,0,No,Yes,Yes
C1207,13,75.0,931.74,Two year,Fiber optic,Mailed check,1,Yes,No,0,No,No,No
C2442,65,62.81,4094.93,One year,Fiber optic,Credit card,3,Yes,No,0,No,Yes,No
C3915,45,32.25,1369.0,One year,Fiber optic,Bank transfer,0,Yes,No,0,No,No,No
C2066,43,71.12,3111.91,Month-to-month,DSL,Electronic check,0,Yes,No,0,No,Yes,Yes
C1593,38,51.26,1997.14,Two year,Fiber optic,Mailed check,2,Yes,No,0,Yes,No,No
C2651,41,45.82,1957.79,Month-to-month,Fiber optic,Bank transfer,0,No,No,1,Yes,Yes,Yes
C1656,63,32.59,2088.29,Month-to-month,No,Mailed check,1,No,Yes,0,Yes,No,Yes
C2381,7,23.03,182.97,Month-to-month,Fiber optic,Mailed check,0,Yes,No,0,No,No,Yes
C2034,50,65.32,3306.13,Two year,DSL,Electronic check,2,No,No,0,Yes,No,No
C2553,48,66.35,3235.53,Month-to-month,Fiber optic,Credit card,2,No,Yes,0,No,Yes,Yes
C3986,29,61.95,1922.77,Month-to-month,DSL,Mailed check,1,No,No,0,Yes,Yes,Yes
C3385,44,73.24,3289.44,Month-to-month,DSL,Bank transfer,2,No,Yes,0,Yes,Yes,Yes
C3234,52,48.54,2509.8,Month-to-month,DSL,Credit card,0,No,No,0,Yes,No,No
C3129,47,99.55,4709.01,Two year,Fiber optic,Credit card,2,No,No,0,No,Yes,No
C1905,54,51.48,2833.43,One year,Fiber optic,Mailed check,0,No,No,0,Yes,Yes,Yes
C1796,51,39.32,1987.73,Month-to-month,Fiber optic,Credit card,1,No,No,1,Yes,Yes,Yes
C3523,19,60.99,1147.98,Two year,Fiber optic,Mailed check,2,No,No,0,Yes,Yes,Yes
C1178,37,97.93,3668.5,Month-to-month,Fiber optic,Bank transfer,2,No,No,0,No,Yes,Yes
C2006,56,72.39,4029.28,Month-to-month,No,Mailed check,1,No,No,0,No,Yes,Yes
C1535,28,103.24,2855.8,Month-to-month,Fiber optic,Mailed check,0,Yes,Yes,0,Yes,Yes,No
C2443,54,20.86,1095.68,Month-to-month,Fiber optic,Credit card,1,Yes,No,0,No,Yes,No
C1608,53,83.2,4304.12,One year,DSL,Mailed check,2,Yes,No,0,Yes,No,No
C3763,10,71.16,629.51,Month-to-month,DSL,Bank transfer,2,Yes,No,0,Yes,No,Yes
C1001,69,89.08,6144.43,Two year,Fiber optic,Mailed check,1,No,No,0,Yes,Yes,No
C1335,18,72.58,1321.5,Month-to-month,Fiber optic,Bank transfer,1,No,No,0,Yes,Yes,No
C3364,15,34.05,541.25,Month-to-month,No,Bank transfer,2,No,Yes,0,Yes,No,No
C3245,40,80.75,3320.07,Month-to-month,No,Bank transfer,1,No,No,0,Yes,Yes,No
C2640,71,50.3,3543.16,Month-to-month,No,Bank transfer,3,Yes,No,0,No,No,No
C2791,20,49.77,1036.69,Month-to-month,Fiber optic,Mailed check,1,No,No,0,Yes,Yes,Yes
C2422,71,97.46,6842.66,Month-to-month,Fiber optic,Credit card,1,No,No,0,Yes,Yes,Yes
C2196,21,42.06,778.23,One year,Fiber optic,Credit card,1,Yes,Yes,0,Yes,Yes,No
C1648,65,68.25,4476.7,One year,Fiber optic,Mailed check,0,No,No,0,No,No,No
C1559,51,71.18,3648.27,One year,DSL,Mailed check,0,No,No,0,No,Yes,No
C3509,31,48.28,1464.94,Two year,Fiber optic,Bank transfer,2,Yes,No,0,Yes,No,No
C2002,5,60.77,282.05,Month-to-month,No,Mailed check,0,No,Yes,0,No,Yes,Yes
C3082,27,75.37,2041.72,Month-to-month,Fiber optic,Credit card,1,Yes,No,1,No,No,No
C1187,49,56.52,2805.63,Two year,Fiber optic,Mailed check,1,No,No,0,No,Yes,No
C3848,51,64.24,3378.87,Two year,No,Mailed check,1,Yes,Yes,1,Yes,No,No
C1231,55,79.07,4268.02,Two year,DSL,Credit card,0,No,Yes,1,Yes,Yes,No
C2310,62,100.6,6250.87,One year,Fiber optic,Mailed check,0,No,No,0,Yes,Yes,Yes
C3450,66,90.48,5958.07,Two year,Fiber optic,Bank transfer,1,No,No,0,Yes,No,No
C2612,9,88.06,830.85,Two year,Fiber optic,Mailed check,0,Yes,No,0,No,Yes,No
C1774,22,36.82,682.86,Two year,Fiber optic,Credit card,2,Yes,Yes,0,No,Yes,No
C2272,67,70.88,4751.04,One year,Fiber optic,Credit card,1,No,Yes,0,No,No,No
C1799,5,54.6,214.83,Month-to-month,DSL,Mailed check,1,No,No,0,No,No,Yes
C3226,67,99.83,,Two year,DSL,Bank transfer,2,Yes,No,0,No,Yes,No
C3349,57,42.75,2450.86,Two year,Fiber optic,Electronic check,1,No,No,0,Yes,No,No
C2624,26,40.63,1080.19,Month-to-month,No,Bank transfer,1,No,No,0,No,No,No
C1755,3,78.61,305.63,Month-to-month,DSL,Mailed check,1,Yes,Yes,0,Yes,Yes,No
C2716,47,33.99,1566.95,Month-to-month,No,Electronic check,0,No,Yes,1,No,Yes,Yes
C2959,55,104.03,5729.71,Month-to-month,DSL,Electronic check,1,Yes,No,0,Yes,Yes,Yes
C2249,24,56.27,1364.75,Month-to-month,DSL,Credit card,0,Yes,Yes,0,No,Yes,Yes
C1614,38,57.67,2168.71,One year,No,Credit card,2,No,No,0,Yes,No,No
C3200,41,60.29,2413.21,Month-to-month,Fiber optic,Electronic check,1,No,Yes,1,Yes,Yes,Yes
C3683,53,58.38,3135.91,Month-to-month,DSL,Mailed check,0,No,Yes,1,No,Yes,Yes
C2916,67,52.46,3514.74,Month-to-month,Fiber optic,Electronic check,0,No,No,0,No,Yes,No
C3423,17,34.14,573.16,Two year,Fiber optic,Credit card,0,No,No,0,Yes,No,No
C1386,36,71.75,2574.94,Month-to-month,Fiber optic,Bank transfer,0,No,Yes,0,Yes,No,No
C1186,51,54.91,2899.8,Month-to-month,No,Credit card,2,Yes,Yes,0,No,No,No
C2853,32,64.29,2080.76,Month-to-month,Fiber optic,Mailed check,1,No,No,0,No,Yes,Yes
C3866,3,72.17,237.72,Month-to-month,Fiber optic,Credit card,4,No,No,0,No,Yes,Yes
C2338,41,55.05,2314.96,Two year,Fiber optic,Mailed check,0,No,No,0,No,Yes,No
C2513,42,81.11,3372.93,One year,No,Electronic check,1,No,No,0,No,No,No
C3890,54,47.4,2573.28,Month-to-month,No,Bank transfer,2,Yes,No,0,No,No,No
C1261,22,88.4,1902.28,Month-to-month,DSL,Credit card,2,Yes,No,1,No,No,Yes
C2679,32,108.13,3349.8,One year,Fiber optic,Credit card,2,No,Yes,1,No,No,No
C1904,16,49.8,774.1,Month-to-month,Fiber optic,Credit card,2,Yes,No,0,Yes,Yes,Yes
C3604,10,49.96,549.29,One year,Fiber optic,Mailed check,0,Yes,No,1,Yes,No,Yes
C1252,22,58.37,1284.03,One year,DSL,Bank transfer,0,Yes,Yes,0,Yes,No,No
C3330,33,39.47,1350.15,Month-to-month,Fiber optic,Mailed check,2,No,No,0,No,Yes,Yes
C2658,21,70.92,1470.95,Month-to-month,DSL,Bank transfer,0,Yes,No,0,Yes,Yes,Yes
C1678,36,81.42,,Month-to-month,No,Electronic check,1,Yes,Yes,0,No,Yes,Yes
C1074,60,74.87,4479.49,Month-to-month,Fiber optic,Mailed check,0,No,No,0,Yes,No,Yes
C1598,3,17.45,0.0,One year,Fiber optic,Mailed check,2,No,Yes,0,Yes,No,No
C2725,11,33.02,321.86,Two year,No,Credit card,2,Yes,Yes,0,Yes,Yes,No
C1316,69,61.92,4312.39,Month-to-month,Fiber optic,Bank transfer,1,No,Yes,0,No,Yes,Yes
C1937,53,40.8,2115.88,One year,Fiber optic,Credit card,1,Yes,No,1,No,Yes,No
C2468,58,82.71,4865.66,Two year,Fiber optic,Bank transfer,3,No,No,0,No,Yes,No
C2454,68,72.02,4867.7,One year,DSL,Electronic check,2,Yes,No,0,Yes,No,No
C2147,30,51.34,1546.42,One year,DSL,Mailed check,1,No,No,1,No,Yes,No
C3001,8,72.81,595.07,One year,Fiber optic,Electronic check,2,No,Yes,0,Yes,Yes,Yes
C2306,55,43.53,2403.23,One year,No,Credit card,0,Yes,Yes,0,No,Yes,No
C3730,3,104.88,321.53,Month-to-month,DSL,Bank transfer,2,No,No,0,No,No,No
C3485,4,37.62,128.42,One year,Fiber optic,Credit card,2,Yes,No,0,No,No,Yes
C1323,57,45.99,2673.62,Month-to-month,Fiber optic,Electronic check,1,No,No,0,Yes,Yes,Yes
C3319,25,36.64,887.08,Month-to-month,DSL,Mailed check,0,No,No,0,No,Yes,Yes
C3295,16,58.74,892.6,Month-to-month,DSL,Bank transfer,1,No,No,0,Yes,Yes,No
C1635,32,59.44,1919.47,Month-to-month,DSL,Electronic check,6,No,No,0,Yes,No,No
C2116,2,80.18,228.14,One year,DSL,Mailed check,0,No,No,1,No,No,Yes
C2267,69,70.11,4724.41,Month-to-month,Fiber optic,Credit card,0,No,Yes,0,No,Yes,Yes
C2285,1,71.72,63.35,One year,Fiber optic,Electronic check,2,No,No,0,Yes,Yes,No
C2472,10,52.93,457.37,One year,No,Bank transfer,2,No,No,0,Yes,No,No
C3670,33,94.38,3178.31,Month-to-month,Fiber optic,Credit card,1,Yes,No,0,Yes,Yes,Yes
C3587,20,83.71,1688.9,Month-to-month,Fiber optic,Mailed check,2,No,No,0,Yes,No,Yes
C2209,65,58.17,3778.12,Month-to-month,DSL,Bank transfer,0,Yes,No,0,Yes,No,Yes
C3540,22,76.52,1681.79,Month-to-month,Fiber optic,Electronic check,0,Yes,Yes,0,Yes,Yes,Yes
C1743,7,46.95,404.46,Month-to-month,DSL,Credit card,1,Yes,No,1,Yes,Yes,No
C3635,41,90.18,3667.76,Two year,Fiber optic,Mailed check,0,No,No,0,Yes,Yes,No
C1286,33,77.36,2537.04,One year,DSL,Credit card,3,Yes,No,0,No,Yes,No
C1955,60,95.23,5708.14,One year,DSL,Mailed check,1,No,No,0,Yes,Yes,No
C1152,11,46.94,645.38,Month-to-month,Fiber optic,Credit card,0,Yes,No,0,No,Yes,Yes
C1332,65,68.74,4536.75,Month-to-month,Fiber optic,Electronic check,0,Yes,No,0,Yes,No,Yes
C3179,27,77.76,2040.1,Two year,Fiber optic,Credit card,0,No,Yes,0,No,No,No
C1761,25,74.99,1966.31,Month-to-month,Fiber optic,Credit card,1,No,No,0,Yes,Yes,Yes
C1477,54,50.64,2695.96,Month-to-month,No,Electronic check,3,Yes,No,0,No,Yes,No
C1984,68,68.35,4588.28,Month-to-month,DSL,Credit card,0,No,No,0,Yes,No,No
C3067,44,57.13,2582.13,Month-to-month,Fiber optic,Credit card,1,No,Yes,0,No,No,No
C2811,41,68.35,2789.13,Two year,No,Mailed check,0,No,No,0,Yes,Yes,No
C1262,20,68.88,1319.13,One year,No,Credit card,1,No,Yes,0,Yes,No,No
C2081,31,52.6,1618.73,One year,Fiber optic,Credit card,2,Yes,No,0,Yes,No,No
C1429,3,60.28,180.76,Two year,No,Mailed check,0,No,Yes,0,No,No,No
C1249,71,67.26,4824.48,One year,Fiber optic,Credit card,1,No,No,0,Yes,No,Yes
C3971,59,111.87,6579.81,Month-to-month,No,Bank transfer,1,No,Yes,0,No,No,No
C3813,13,53.42,646.46,Month-to-month,DSL,Credit card,1,No,No,0,Yes,Yes,No
C1019,61,52.24,3178.24,Month-to-month,Fiber optic,Bank transfer,1,No,Yes,0,Yes,Yes,Yes
C3774,25,67.98,1665.05,Month-to-month,No,Bank transfer,1,No,No,0,No,Yes,No
C3628,41,68.15,2840.44,One year,DSL,Electronic check,1,No,No,0,No,No,No
C1658,21,61.93,1295.05,Month-to-month,DSL,Bank transfer,1,Yes,No,1,Yes,No,No
C3978,3,26.75,68.25,One year,Fiber optic,Electronic check,2,No,No,0,Yes,Yes,No
C3167,40,56.59,2266.38,Month-to-month,No,Mailed check,0,No,No,0,Yes,Yes,Yes
C1806,17,64.13,1057.65,One year,Fiber optic,Credit card,1,No,No,0,No,No,Yes
C2509,11,77.81,757.63,Month-to-month,Fiber optic,Mailed check,1,No,No,0,Yes,Yes,No
C3313,48,56.04,2692.41,Two year,Fiber optic,Mailed check,0,Yes,Yes,0,Yes,Yes,No
C1921,31,78.47,2451.49,One year,Fiber optic,Mailed check,2,No,Yes,0,No,No,Yes
C1818,44,49.5,2121.93,One year,Fiber optic,Bank transfer,2,No,No,0,No,Yes,No
C3664,58,92.23,5358.62,One year,DSL,Electronic check,0,No,No,0,Yes,Yes,Yes
C1342,36,53.48,1850.64,Month-to-month,No,Bank transfer,0,Yes,No,1,Yes,No,No
C1353,9,72.69,578.05,Month-to-month,DSL,Bank transfer,2,No,No,0,Yes,No,No
C1520,53,54.79,2906.8,Two year,Fiber optic,Electronic check,0,No,No,0,No,Yes,No
C3464,34,44.36,1520.45,Month-to-month,Fiber optic,Mailed check,3,No,Yes,0,No,No,No
C1015,1,41.63,0.0,One year,DSL,Bank transfer,2,Yes,Yes,0,No,No,Yes
C3297,24,74.43,1856.48,Month-to-month,Fiber optic,Bank transfer,2,No,No,1,Yes,No,No
C1842,36,66.06,2359.44,Month-to-month,Fiber optic,Credit card,1,No,Yes,0,No,No,Yes
C1564,3,78.83,235.4,Month-to-month,No,Electronic check,0,No,No,0,No,Yes,Yes
C3186,19,91.62,1843.73,Two year,DSL,Bank transfer,2,No,Yes,0,No,No,No
C3995,67,67.25,4563.61,Month-to-month,No,Mailed check,1,Yes,No,0,Yes,No,No
C1051,20,57.25,1119.19,One year,Fiber optic,Mailed check,1,Yes,No,0,Yes,Yes,No
C2919,24,52.97,1276.18,One year,Fiber optic,Bank transfer,1,No,No,0,Yes,No,No
C3079,8,83.99,651.47,One year,No,Bank transfer,1,No,No,0,Yes,Yes,No
C3831,59,59.71,3540.24,Month-to-month,Fiber optic,Credit card,1,No,Yes,0,No,Yes,Yes
C3709,39,70.67,2746.56,Two year,No,Bank transfer,0,No,Yes,0,Yes,Yes,No
C2594,5,73.32,285.25,Two year,DSL,Mailed check,4,No,No,0,No,Yes,No
C3981,69,68.24,4691.87,Month-to-month,DSL,Credit card,0,Yes,No,0,No,No,Yes
C1394,3,69.51,,Two year,DSL,Bank transfer,2,No,No,0,Yes,No,No
C3098,33,43.5,1481.44,One year,Fiber optic,Credit card,1,No,No,0,No,Yes,No
C1831,23,87.95,2014.07,Month-to-month,DSL,Bank transfer,2,Yes,Yes,0,No,Yes,Yes
C1447,7,73.66,565.31,Month-to-month,Fiber optic,Bank transfer,0,No,No,0,No,No,Yes
C2323,11,70.59,793.4,Month-to-month,DSL,Bank transfer,0,Yes,No,1,Yes,Yes,Yes
C1971,39,65.34,2558.26,One year,DSL,Bank transfer,1,No,No,0,Yes,Yes,No
C3212,39,59.07,2246.18,One year,DSL,Bank transfer,1,No,No,0,Yes,Yes,No
C3533,32,50.72,1686.93,Month-to-month,DSL,Credit card,2,No,No,0,No,No,No
C2855,58,44.0,2613.33,Month-to-month,DSL,Mailed check,0,No,Yes,0,Yes,Yes,Yes
C1042,11,59.36,624.15,Month-to-month,Fiber optic,Bank transfer,3,No,Yes,0,No,Yes,Yes
C3789,33,31.52,1063.7,Month-to-month,DSL,Mailed check,0,Yes,No,0,Yes,Yes,No
C2387,52,71.17,3689.51,Month-to-month,DSL,Electronic check,2,Yes,No,0,Yes,No,Yes
C3748,28,94.92,2620.49,Month-to-month,Fiber optic,Mailed check,0,No,No,0,Yes,Yes,No
C2383,41,62.83,2539.39,Month-to-month,Fiber optic,Credit card,2,No,No,0,Yes,Yes,No
C2376,36,55.93,1968.17,One year,Fiber optic,Credit card,2,Yes,Yes,0,Yes,No,No
C3532,52,76.05,4013.2,Month-to-month,Fiber optic,Mailed check,1,No,No,0,Yes,Yes,Yes
C1430,51,71.76,3747.17,Month-to-month,Fiber optic,Credit card,0,Yes,Yes,0,No,No,No
C1075,36,79.79,2743.37,Month-to-month,Fiber optic,Bank transfer,0,No,Yes,0,No,No,Yes
C2251,48,93.17,4517.33,Month-to-month,Fiber optic,Bank transfer,0,No,No,0,No,Yes,No
C1638,50,82.53,4062.23,One year,Fiber optic,Credit card,1,No,No,0,Yes,Yes,Yes
C3016,9,83.85,691.37,One year,No,Bank transfer,1,No,No,0,Yes,No,No
C2941,6,51.53,300.04,Month-to-month,Fiber optic,Electronic check,2,Yes,No,0,Yes,No,Yes
C1155,29,58.67,1676.97,Two year,DSL,Bank transfer,0,No,No,0,Yes,Yes,No
C2872,40,50.78,1896.17,One year,DSL,Credit card,0,No,Yes,0,Yes,Yes,No
C2176,31,75.1,2377.02,Month-to-month,No,Credit card,1,Yes,Yes,0,Yes,No,No
C1352,43,54.04,2420.92,One year,DSL,Electronic check,1,No,Yes,0,Yes,No,No
C3593,18,49.38,874.19,One year,Fiber optic,Electronic check,3,No,No,0,Yes,Yes,No
C3993,69,68.1,4678.8,Month-to-month,Fiber optic,Bank transfer,2,No,Yes,0,Yes,No,No
C2371,40,80.65,3208.39,Two year,No,Credit card,1,No,Yes,0,Yes,Yes,No
C2867,4,94.24,379.43,One year,Fiber optic,Mailed check,3,Yes,No,0,No,No,No
C2946,14,72.12,1084.17,Two year,Fiber optic,Mailed check,3,Yes,No,0,Yes,No,No
C1694,11,81.42,793.44,Month-to-month,Fiber optic,Mailed check,1,No,Yes,0,Yes,No,Yes
C3994,31,54.02,1655.46,Month-to-month,No,Electronic check,0,Yes,No,0,Yes,Yes,Yes
C1813,70,41.89,2897.56,Two year,DSL,Bank transfer,1,No,No,0,No,No,No
C2497,16,41.85,639.68,Month-to-month,DSL,Bank transfer,3,No,No,0,Yes,Yes,Yes
C3281,40,90.02,3591.79,One year,No,Credit card,3,Yes,No,0,No,Yes,Yes
C2793,65,96.67,6276.86,Month-to-month,Fiber optic,Bank transfer,1,Yes,No,0,No,No,Yes
C1119,13,46.97,603.26,Month-to-month,No,Electronic check,0,No,No,0,Yes,No,No
C3662,43,62.24,2709.93,Month-to-month,No,Mailed check,1,Yes,No,0,No,Yes,Yes
C2958,37,15.0,517.28,Month-to-month,Fiber optic,Bank transfer,0,No,No,0,No,No,No
C1158,52,93.03,4821.75,Month-to-month,Fiber optic,Mailed check,1,Yes,No,1,Yes,No,No
C1746,54,77.55,4170.78,Month-to-month,DSL,Bank transfer,1,Yes,No,0,No,No,No
C1189,63,65.28,4242.34,Month-to-month,No,Electronic check,1,Yes,No,0,No,Yes,Yes
C3351,9,82.38,714.08,Month-to-month,DSL,Electronic check,3,No,Yes,1,Yes,Yes,Yes
C3195,6,15.0,19.53,Month-to-month,Fiber optic,Mailed check,1,No,No,0,No,Yes,Yes
C1956,54,61.58,3371.99,Two year,DSL,Credit card,2,No,Yes,0,No,Yes,No
C1851,17,55.44,1000.93,Month-to-month,Fiber optic,Bank transfer,3,No,Yes,1,Yes,Yes,Yes
C3725,62,58.9,3649.94,Month-to-month,DSL,Mailed check,0,Yes,Yes,0,Yes,No,No
C3964,65,57.65,3741.61,One year,No,Bank transfer,1,No,Yes,0,Yes,No,No
C3577,38,36.97,1361.99,Month-to-month,Fiber optic,Mailed check,0,No,No,1,Yes,Yes,Yes
C3132,46,57.17,2699.36,Month-to-month,Fiber optic,Credit card,3,No,No,0,No,No,Yes
C2225,60,64.27,,One year,DSL,Electronic check,1,Yes,No,1,No,No,No
C3326,45,58.03,2665.7,Month-to-month,DSL,Bank transfer,1,No,Yes,0,No,Yes,Yes
C3578,50,39.42,1979.23,Two year,Fiber optic,Mailed check,3,No,Yes,1,Yes,Yes,No
C2842,18,62.54,1158.45,Two year,DSL,Bank transfer,2,No,Yes,0,No,Yes,No
C3169,5,48.75,302.42,One year,DSL,Electronic check,2,No,Yes,0,Yes,No,No
C2914,39,49.48,1880.33,Month-to-month,DSL,Credit card,2,Yes,No,1,Yes,Yes,No
C1064,59,60.52,3441.22,One year,DSL,Credit card,1,Yes,Yes,0,Yes,Yes,Yes
C1849,30,60.19,1837.47,Month-to-month,No,Electronic check,2,No,No,0,Yes,Yes,No
C3191,8,60.53,510.17,Month-to-month,No,Bank transfer,0,No,No,0,No,No,Yes
C3906,22,75.53,1528.68,Two year,DSL,Mailed check,2,No,Yes,0,Yes,Yes,No
C2801,31,48.46,1511.38,Month-to-month,Fiber optic,Mailed check,2,Yes,No,0,No,Yes,Yes
C3218,38,69.96,2744.19,Month-to-month,DSL,Electronic check,1,No,No,0,No,No,No
C1740,64,77.89,4936.82,Month-to-month,DSL,Bank transfer,1,No,No,0,Yes,No,No
C3711,62,47.94,2968.8,Two year,No,Electronic check,1,No,No,0,No,No,No
C1523,51,65.31,3257.93,Month-to-month,No,Bank transfer,2,No,No,0,Yes,Yes,Yes
C1954,17,63.01,1051.47,One year,DSL,Credit card,1,No,No,0,No,Yes,No
C3376,28,91.54,2580.28,One year,DSL,Mailed check,2,No,No,0,No,Yes,No
C3236,36,83.14,3021.25,Month-to-month,DSL,Mailed check,2,No,No,1,Yes,Yes,Yes
C2616,46,63.92,2933.55,Month-to-month,Fiber optic,Electronic check,0,Yes,Yes,0,No,Yes,No
C2214,26,69.02,1846.18,Two year,Fiber optic,Credit card,3,No,No,0,No,Yes,No
C3462,54,68.42,3692.18,Two year,DSL,Bank transfer,2,Yes,No,0,No,No,No
C3150,24,67.1,1627.26,Month-to-month,Fiber optic,Credit card,1,No,No,0,Yes,Yes,No
C2418,11,61.65,698.52,Month-to-month,Fiber optic,Bank transfer,0,Yes,No,1,Yes,No,Yes
C2384,43,80.41,3427.31,One year,DSL,Electronic check,1,No,Yes,0,Yes,Yes,No
C3345,11,71.22,754.33,One year,DSL,Bank transfer,1,Yes,No,1,Yes,Yes,No
C3254,37,81.51,3039.09,One year,Fiber optic,Bank transfer,0,No,Yes,0,No,No,No
C1886,26,81.94,2088.49,One year,Fiber optic,Electronic check,1,No,No,0,No,Yes,No
C2330,19,15.0,266.79,One year,DSL,Bank transfer,1,No,Yes,0,Yes,Yes,No
C1839,16,68.21,1108.39,Month-to-month,Fiber optic,Bank transfer,0,No,No,0,No,Yes,No
C2238,26,63.55,1716.02,Two year,DSL,Credit card,2,Yes,No,0,Yes,No,No
C2820,5,26.29,167.56,Two year,No,Electronic check,4,No,No,1,No,No,Yes
C3372,39,15.0,566.54,One year,No,Electronic check,3,No,Yes,0,Yes,No,No
C1587,20,62.25,1205.5,Month-to-month,Fiber optic,Bank transfer,1,No,No,0,Yes,No,No
C1063,68,45.12,3089.7,Month-to-month,Fiber optic,Electronic check,2,No,Yes,0,Yes,Yes,No
C1296,41,84.46,3427.56,One year,DSL,Bank transfer,1,No,No,0,Yes,Yes,No
C3247,23,80.21,1871.76,Month-to-month,DSL,Bank transfer,2,Yes,No,1,Yes,Yes,No
C3952,60,56.95,3424.16,Two year,Fiber optic,Mailed check,1,Yes,Yes,1,Yes,No,No
C2967,31,52.36,1519.81,Month-to-month,No,Electronic check,2,Yes,No,0,No,No,No
C2098,59,69.11,,Month-to-month,Fiber optic,Bank transfer,0,No,Yes,0,Yes,No,Yes
C3244,36,124.54,4398.33,Month-to-month,DSL,Mailed check,0,No,Yes,0,Yes,No,Yes
C2121,20,92.82,1802.55,One year,DSL,Credit card,1,No,Yes,1,Yes,Yes,No
C2307,61,67.62,4122.42,Two year,Fiber optic,Bank transfer,2,No,Yes,0,Yes,Yes,No
C1677,16,90.73,1437.94,Month-to-month,No,Electronic check,1,Yes,Yes,0,No,Yes,Yes
C2021,53,26.31,1408.47,Month-to-month,Fiber optic,Bank transfer,1,Yes,No,1,No,Yes,Yes
C2320,17,30.53,512.55,Month-to-month,No,Bank transfer,0,No,No,0,Yes,Yes,Yes
C3287,43,64.0,2789.39,One year,DSL,Credit card,1,No,No,0,Yes,Yes,No
C3703,6,50.76,282.72,Month-to-month,DSL,Credit card,1,Yes,No,0,Yes,Yes,Yes
C1450,39,87.52,3329.78,One year,No,Bank transfer,0,Yes,No,0,No,No,No
C1810,3,84.09,227.8,One year,DSL,Credit card,0,No,No,0,Yes,No,No
C3112,58,66.14,3842.53,Two year,DSL,Electronic check,3,No,Yes,0,Yes,Yes,No
C3556,57,55.46,3198.53,One year,DSL,Mailed check,4,Yes,No,0,No,Yes,No
C1442,45,64.05,2930.08,Month-to-month,DSL,Credit card,1,Yes,Yes,0,No,No,No
C2554,46,66.11,3057.95,Month-to-month,Fiber optic,Electronic check,1,No,No,0,No,No,Yes
C1163,1,90.1,57.72,Month-to-month,DSL,Bank transfer,1,Yes,No,0,Yes,Yes,No
C2562,53,61.15,3271.5,Month-to-month,Fiber optic,Mailed check,4,No,Yes,0,No,Yes,No
C3320,58,81.11,4694.96,Two year,No,Credit card,4,No,No,0,Yes,Yes,No
C2770,53,65.07,3520.84,One year,DSL,Electronic check,2,No,No,0,Yes,No,Yes
C3603,46,70.18,3198.15,Month-to-month,DSL,Credit card,3,No,No,0,Yes,No,Yes
C2421,24,83.7,1931.64,One year,Fiber optic,Bank transfer,0,Yes,No,1,No,No,No
C3608,69,40.38,2775.75,Month-to-month,DSL,Electronic check,1,No,No,0,No,Yes,Yes
C2760,8,89.46,707.74,One year,DSL,Mailed check,1,No,Yes,0,No,No,No
C3424,59,64.58,3771.21,Month-to-month,Fiber optic,Electronic check,0,No,No,0,No,No,No
C2219,52,45.64,2435.96,Month-to-month,Fiber optic,Credit card,1,No,No,0,No,No,No
C3421,36,39.8,1493.28,Two year,DSL,Bank transfer,1,No,No,1,Yes,No,No
C2071,68,52.86,3612.22,One year,No,Credit card,0,Yes,No,0,Yes,No,No
C3221,64,61.34,3944.35,One year,DSL,Credit card,1,No,Yes,0,Yes,Yes,Yes
C1132,34,77.75,2659.73,Two year,Fiber optic,Credit card,2,Yes,Yes,0,Yes,Yes,No
C2571,57,55.83,3291.2,One year,No,Credit card,0,Yes,No,0,No,No,Yes
C3811,15,68.29,1011.89,Two year,DSL,Mailed check,0,Yes,No,0,No,Yes,No
C2608,18,57.57,1002.7,One year,DSL,Mailed check,0,No,No,0,No,No,No
C2354,1,104.1,97.38,Month-to-month,DSL,Mailed check,0,No,No,0,No,No,Yes
C1143,44,24.52,1070.0,Month-to-month,No,Electronic check,0,Yes,No,1,No,Yes,No
C2162,49,65.05,3216.89,Month-to-month,Fiber optic,Electronic check,1,No,No,0,Yes,No,No
C3235,37,43.2,1599.91,Month-to-month,DSL,Mailed check,2,Yes,No,0,No,Yes,No
C3852,62,67.16,4196.51,Two year,Fiber optic,Electronic check,1,No,Yes,0,No,No,No
C1302,38,46.2,1740.32,Two year,No,Electronic check,1,Yes,No,1,Yes,Yes,No
C3613,59,61.91,3739.56,Month-to-month,No,Credit card,0,No,No,0,No,Yes,Yes
C3455,13,107.55,1407.18,One year,DSL,Bank transfer,0,No,No,0,No,Yes,Yes
C1380,69,78.97,5491.08,Month-to-month,No,Credit card,1,No,Yes,0,Yes,Yes,No
C3493,50,60.15,3015.16,One year,Fiber optic,Mailed check,1,Yes,Yes,0,No,No,Yes
C1801,57,47.6,2693.67,Two year,Fiber optic,Credit card,2,No,No,0,Yes,No,No
C1314,35,41.62,1383.61,One year,DSL,Mailed check,2,Yes,Yes,0,No,Yes,No
C3823,26,72.05,1919.56,Month-to-month,DSL,Electronic check,2,No,Yes,0,Yes,No,No
C1359,47,26.08,1283.96,Month-to-month,Fiber optic,Bank transfer,1,No,No,0,Yes,Yes,Yes
C2536,51,49.31,2459.83,Two year,No,Mailed check,1,No,Yes,0,No,No,No
C1254,12,90.63,1086.89,Two year,DSL,Electronic check,0,No,No,0,No,Yes,No
C3090,56,64.9,3636.69,Month-to-month,Fiber optic,Mailed check,2,Yes,Yes,0,No,Yes,No
C1846,13,62.97,758.63,Month-to-month,DSL,Electronic check,2,Yes,No,0,No,Yes,Yes
C1720,53,53.99,2956.63,One year,DSL,Electronic check,2,No,No,0,No,No,No
C2278,55,79.99,4441.57,Two year,No,Bank transfer,0,Yes,No,0,No,No,No
C1919,48,47.39,2285.04,Two year,Fiber optic,Electronic check,2,Yes,Yes,1,Yes,Yes,No
C3576,53,93.39,5001.21,Month-to-month,Fiber optic,Mailed check,2,No,No,1,Yes,Yes,Yes
C1612,40,21.42,829.92,Month-to-month,Fiber optic,Mailed check,1,No,Yes,0,No,Yes,Yes
C2017,32,84.0,2697.28,Month-to-month,DSL,Electronic check,1,No,Yes,0,No,Yes,Yes
C3859,24,40.89,1022.33,Month-to-month,Fiber optic,Electronic check,1,No,No,1,Yes,Yes,No
C2637,4,45.3,229.2,Month-to-month,Fiber optic,Mailed check,0,Yes,No,0,Yes,Yes,Yes
C2690,37,50.91,1932.16,One year,Fiber optic,Credit card,1,No,No,0,No,Yes,No
C2753,45,54.35,2420.94,Month-to-month,DSL,Bank transfer,1,No,Yes,0,Yes,Yes,No
C1687,65,52.48,3425.3,Month-to-month,Fiber optic,Electronic check,1,Yes,No,1,Yes,Yes,Yes
C1007,24,94.7,2275.53,Two year,DSL,Electronic check,1,Yes,No,0,Yes,Yes,No
C1583,17,68.98,1109.75,Month-to-month,DSL,Credit card,1,No,Yes,1,Yes,No,Yes
C2877,11,24.34,305.46,Month-to-month,DSL,Mailed check,1,Yes,No,0,Yes,Yes,Yes
C1116,57,93.51,5331.17,Two year,Fiber optic,Electronic check,1,Yes,No,0,Yes,Yes,No
C3316,62,69.23,4364.4,Month-to-month,No,Credit card,1,No,No,0,Yes,No,Yes
C2333,37,53.57,1995.36,Month-to-month,Fiber optic,Bank transfer,1,No,No,1,No,Yes,No
C3807,18,68.68,1195.97,One year,DSL,Bank transfer,1,Yes,No,0,Yes,Yes,No
C1978,54,69.66,3739.8,Two year,DSL,Mailed check,2,No,No,0,No,Yes,No
C2570,56,87.47,4849.07,Two year,Fiber optic,Mailed check,0,Yes,No,0,Yes,Yes,No
C2262,35,57.59,2034.68,Month-to-month,DSL,Credit card,1,No,No,0,No,Yes,No
C2763,55,47.09,2608.94,One year,No,Mailed check,1,No,No,0,Yes,No,No
C2388,22,49.38,1031.2,One year,Fiber optic,Electronic check,1,Yes,Yes,0,No,No,No
C2140,27,92.2,2445.1,One year,DSL,Credit card,1,Yes,No,0,Yes,Yes,No
C2682,15,50.94,746.63,One year,Fiber optic,Bank transfer,3,No,No,0,Yes,No,Yes
C2463,39,54.29,2165.66,Month-to-month,Fiber optic,Mailed check,0,Yes,No,0,No,No,No
C1548,32,58.7,1814.84,Month-to-month,Fiber optic,Electronic check,3,No,Yes,1,Yes,No,Yes
C1924,62,74.57,4624.71,Month-to-month,DSL,Bank transfer,2,Yes,Yes,1,Yes,Yes,No
C1547,28,61.39,,Month-to-month,DSL,Mailed check,1,Yes,No,0,No,No,No
C3955,67,74.11,4896.89,Month-to-month,DSL,Mailed check,0,No,No,0,No,No,Yes
C3553,53,60.99,3183.24,One year,Fiber optic,Mailed check,1,No,No,1,No,No,Yes
C2689,70,45.45,3165.02,One year,Fiber optic,Electronic check,1,Yes,No,0,Yes,No,No
C3149,64,82.78,5252.55,One year,DSL,Bank transfer,2,No,No,1,Yes,No,No
C3902,49,66.2,3237.95,Month-to-month,DSL,Bank transfer,0,No,No,0,Yes,Yes,Yes
C2247,9,117.94,1031.59,Month-to-month,Fiber optic,Credit card,1,No,Yes,0,Yes,No,Yes
C1237,40,72.62,2921.21,One year,DSL,Electronic check,0,No,No,0,Yes,Yes,No
C3768,36,64.66,2398.84,Month-to-month,Fiber optic,Credit card,1,Yes,Yes,0,Yes,Yes,No
C1747,69,104.36,7214.59,One year,Fiber optic,Electronic check,2,No,No,1,No,Yes,No
C1095,53,67.87,3661.68,Two year,Fiber optic,Electronic check,0,Yes,No,0,Yes,No,No
C3690,53,109.0,5894.7,Two year,Fiber optic,Electronic check,1,Yes,No,0,Yes,Yes,Yes
C1045,62,62.92,,Month-to-month,No,Mailed check,3,No,No,0,Yes,No,No
C1727,62,84.52,5138.92,One year,No,Credit card,1,No,Yes,0,No,Yes,Yes
C3737,24,75.14,1850.25,Month-to-month,Fiber optic,Credit card,2,No,Yes,1,No,Yes,No
C3006,15,81.46,1216.03,Month-to-month,Fiber optic,Credit card,2,Yes,No,0,Yes,Yes,Yes
C3932,69,87.97,6069.95,One year,DSL,Credit card,0,Yes,No,0,No,Yes,No
C1897,29,49.89,1480.25,One year,Fiber optic,Bank transfer,2,No,No,0,No,Yes,No
C1952,4,54.88,151.58,Month-to-month,DSL,Electronic check,3,Yes,No,0,Yes,Yes,Yes
C1817,25,76.01,1963.09,Two year,Fiber optic,Mailed check,1,No,No,0,Yes,Yes,No
C1190,25,74.09,1851.98,One year,No,Electronic check,2,No,No,0,No,No,No
C2751,24,94.31,2126.81,Month-to-month,Fiber optic,Electronic check,1,Yes,No,0,Yes,No,No
C2018,49,59.17,2923.03,Two year,No,Bank transfer,1,No,No,0,Yes,Yes,No
C2704,32,85.05,2697.99,Two year,DSL,Electronic check,2,No,No,0,No,No,No
C2939,62,83.02,5165.53,Month-to-month,Fiber optic,Credit card,2,No,Yes,0,Yes,Yes,Yes
C3285,68,71.92,4833.88,Two year,Fiber optic,Mailed check,1,Yes,No,0,No,No,No
C2436,49,65.0,,Two year,No,Mailed check,3,Yes,No,0,Yes,No,No
C1762,62,15.0,1007.78,Month-to-month,Fiber optic,Credit card,2,Yes,No,0,Yes,Yes,Yes
C1502,64,81.81,5121.41,Two year,Fiber optic,Mailed check,1,Yes,No,0,Yes,No,No
C3467,1,55.58,177.69,Month-to-month,DSL,Mailed check,0,No,No,0,No,No,Yes
C1585,61,76.42,4671.03,Month-to-month,No,Electronic check,3,No,No,0,No,No,Yes
C3769,49,60.31,2963.44,Month-to-month,Fiber optic,Bank transfer,3,No,No,0,Yes,Yes,Yes
C3457,17,82.08,1294.13,Month-to-month,DSL,Mailed check,2,Yes,No,1,No,Yes,Yes
C1423,26,49.09,1363.88,One year,Fiber optic,Mailed check,1,Yes,Yes,0,Yes,No,Yes
C3057,53,78.63,4172.11,One year,No,Credit card,3,No,No,0,No,No,Yes
C3947,57,36.79,2112.77,Month-to-month,No,Bank transfer,0,Yes,Yes,0,Yes,Yes,Yes
C3182,68,100.26,6821.11,Month-to-month,No,Mailed check,0,Yes,Yes,0,Yes,Yes,No
C3661,60,53.11,3180.91,Month-to-month,No,Mailed check,0,Yes,Yes,0,No,Yes,No
C3365,20,70.52,1383.77,Two year,DSL,Mailed check,0,No,Yes,0,Yes,No,No
C2266,11,79.23,803.86,One year,Fiber optic,Bank transfer,1,Yes,Yes,0,Yes,Yes,Yes
C3921,34,65.71,2198.97,One year,DSL,Mailed check,1,Yes,Yes,1,No,Yes,No
C3005,3,39.03,164.64,Month-to-month,Fiber optic,Mailed check,3,No,No,0,No,Yes,Yes
C3781,14,85.7,1181.31,Two year,Fiber optic,Bank transfer,0,No,No,1,No,Yes,No
C2474,15,66.96,946.88,One year,DSL,Electronic check,1,Yes,Yes,0,No,Yes,No
C2870,15,48.64,666.21,Month-to-month,DSL,Mailed check,3,No,Yes,0,Yes,Yes,Yes
C1539,3,47.62,123.73,One year,DSL,Bank transfer,2,No,Yes,0,No,Yes,Yes
C2284,17,74.47,1324.52,Month-to-month,Fiber optic,Credit card,1,No,No,0,No,Yes,No
C1945,8,73.16,555.3,Month-to-month,Fiber optic,Electronic check,1,Yes,No,0,No,Yes,Yes
C1574,59,59.96,3476.97,Month-to-month,Fiber optic,Bank transfer,2,Yes,No,0,No,No,No
C1118,56,88.28,4891.38,Month-to-month,No,Electronic check,1,Yes,Yes,1,No,No,No
C1786,48,37.88,1923.25,One year,Fiber optic,Electronic check,1,No,No,0,No,Yes,Yes
C2226,22,63.63,1363.97,Month-to-month,No,Mailed check,1,No,Yes,0,No,No,Yes
C3801,32,53.65,1657.83,Month-to-month,Fiber optic,Credit card,0,No,Yes,0,No,No,Yes
C1109,55,47.54,2580.65,Month-to-month,Fiber optic,Mailed check,2,Yes,No,0,No,Yes,Yes
C3894,43,32.97,1459.23,Two year,DSL,Electronic check,1,Yes,No,0,Yes,No,No
C1783,21,23.69,472.92,Month-to-month,No,Mailed check,1,No,Yes,0,Yes,No,Yes
C2951,13,25.21,428.55,Month-to-month,Fiber optic,Bank transfer,0,No,No,0,No,No,Yes
C3590,11,26.74,303.05,One year,Fiber optic,Bank transfer,0,No,No,0,No,Yes,No
C3729,40,81.2,3197.83,Month-to-month,Fiber optic,Mailed check,4,Yes,Yes,1,No,Yes,Yes
C2118,2,74.1,253.31,Two year,DSL,Electronic check,2,No,No,0,No,Yes,Yes
C3270,26,82.68,2244.33,Month-to-month,Fiber optic,Bank transfer,1,No,No,0,No,Yes,Yes
C1214,19,77.84,1493.19,Month-to-month,No,Electronic check,3,Yes,No,0,Yes,Yes,No
C1778,5,69.84,298.78,Month-to-month,DSL,Mailed check,3,Yes,No,0,Yes,Yes,No
C2550,39,68.35,2675.91,Month-to-month,Fiber optic,Electronic check,1,Yes,No,0,Yes,No,Yes
C1309,70,49.84,3608.9,Month-to-month,DSL,Credit card,2,No,No,0,Yes,Yes,No
C2160,63,71.27,4493.95,Month-to-month,Fiber optic,Credit card,2,No,No,1,No,Yes,Yes
C3943,7,63.1,521.37,Two year,DSL,Credit card,1,No,Yes,0,Yes,Yes,No
C1218,23,36.3,783.09,Month-to-month,No,Credit card,3,No,No,0,No,Yes,Yes
C1428,28,19.53,513.17,One year,Fiber optic,Electronic check,0,No,Yes,1,No,No,No
C3634,62,93.41,5787.54,Month-to-month,No,Credit card,1,Yes,No,1,Yes,Yes,No
C1712,34,91.36,3052.81,One year,DSL,Credit card,1,No,No,0,Yes,Yes,Yes
C3152,15,85.4,1328.18,Month-to-month,Fiber optic,Electronic check,2,No,No,0,No,No,Yes
C3296,23,58.55,1349.12,One year,DSL,Electronic check,1,Yes,No,0,Yes,No,No
C1008,43,87.91,3762.34,Month-to-month,DSL,Credit card,4,No,Yes,0,Yes,Yes,Yes
C3564,22,49.39,1144.76,Month-to-month,DSL,Mailed check,1,Yes,No,0,Yes,Yes,No
C2661,13,139.69,1811.48,Month-to-month,DSL,Mailed check,2,Yes,No,0,Yes,Yes,Yes
C2220,64,44.22,2854.48,Month-to-month,Fiber optic,Mailed check,1,No,No,0,No,No,Yes
C3190,17,61.12,1049.44,Two year,Fiber optic,Mailed check,3,Yes,No,0,Yes,Yes,No
C1595,15,85.56,1380.7,Two year,DSL,Bank transfer,0,Yes,Yes,0,No,Yes,No
C3776,71,72.93,5155.72,Month-to-month,DSL,Electronic check,2,No,Yes,1,No,No,Yes
C2471,69,18.94,1240.32,One year,Fiber optic,Bank transfer,2,No,No,0,Yes,Yes,Yes
C3695,71,66.75,4764.82,Month-to-month,DSL,Credit card,0,Yes,No,0,No,Yes,Yes
C3238,9,40.0,443.25,Month-to-month,Fiber optic,Bank transfer,2,No,No,0,No,Yes,Yes
C1516,18,63.49,1096.01,Two year,DSL,Bank transfer,4,Yes,No,0,No,Yes,No
C2587,41,44.9,1827.67,Month-to-month,Fiber optic,Bank transfer,3,Yes,No,0,Yes,No,No
C3015,71,45.34,3293.43,Month-to-month,DSL,Bank transfer,1,Yes,No,0,Yes,Yes,No
C3985,39,37.62,1488.28,Month-to-month,DSL,Mailed check,2,No,Yes,0,Yes,Yes,Yes
C2662,5,77.01,396.84,Two year,No,Electronic check,1,No,No,0,Yes,No,No
C2873,66,29.82,1945.61,Month-to-month,No,Bank transfer,1,Yes,No,1,No,Yes,No
C2216,27,50.12,1331.87,Month-to-month,Fiber optic,Credit card,1,No,No,0,Yes,No,No
C2805,69,89.88,6267.99,Month-to-month,Fiber optic,Bank transfer,2,No,Yes,0,Yes,Yes,Yes
C2332,44,54.66,2399.92,Month-to-month,Fiber optic,Electronic check,1,No,No,0,No,Yes,Yes
C1674,2,54.0,95.59,Month-to-month,Fiber optic,Credit card,2,Yes,No,0,No,Yes,No
C1819,61,99.68,6111.08,Month-to-month,DSL,Bank transfer,2,No,No,0,No,Yes,Yes
C1431,19,65.44,1339.75,Month-to-month,No,Mailed check,3,No,No,1,Yes,Yes,Yes
C3758,41,60.27,2547.27,Month-to-month,Fiber optic,Bank transfer,2,Yes,No,0,Yes,Yes,No
C2068,55,91.43,5004.0,Month-to-month,DSL,Electronic check,1,Yes,No,0,No,No,Yes
C2773,53,89.95,4821.89,Month-to-month,Fiber optic,Bank transfer,0,No,No,1,Yes,Yes,Yes
C1313,42,31.04,1353.58,Month-to-month,Fiber optic,Mailed check,1,No,No,0,No,Yes,Yes
C3315,63,104.87,6576.74,Two year,No,Bank transfer,1,Yes,No,1,Yes,Yes,No
C3749,35,62.77,2224.32,Month-to-month,Fiber optic,Credit card,2,No,Yes,1,Yes,Yes,Yes
C1060,51,83.62,4304.78,Month-to-month,No,Credit card,0,Yes,Yes,0,Yes,No,No
C2962,41,86.34,3492.11,Two year,DSL,Credit card,0,No,No,1,Yes,No,No
C1682,67,62.51,4198.13,Month-to-month,DSL,Credit card,5,No,No,0,Yes,Yes,Yes
C2907,3,98.23,314.28,One year,Fiber optic,Mailed check,2,No,Yes,0,No,Yes,No
C3778,18,57.69,1058.54,Month-to-month,Fiber optic,Mailed check,2,No,Yes,0,Yes,Yes,Yes
C2152,70,71.81,5027.69,One year,DSL,Credit card,4,No,No,0,No,No,No
C1889,55,38.45,2089.1,Month-to-month,Fiber optic,Credit card,1,No,Yes,0,Yes,Yes,Yes
C1944,66,69.16,4538.34,Month-to-month,Fiber optic,Credit card,0,No,No,0,Yes,Yes,No
C3056,50,89.44,4450.57,Month-to-month,Fiber optic,Electronic check,1,No,No,0,No,Yes,Yes
C2335,65,51.64,3341.7,One year,No,Bank transfer,2,Yes,No,0,No,Yes,No
C2861,65,74.84,4880.45,One year,Fiber optic,Credit card,3,Yes,Yes,0,Yes,No,No
C1644,60,60.56,3719.73,Month-to-month,No,Electronic check,0,No,Yes,0,No,Yes,Yes
C2886,4,68.97,307.26,Month-to-month,DSL,Mailed check,1,No,No,0,No,No,Yes
C1526,26,32.81,918.08,Month-to-month,No,Credit card,2,No,Yes,0,Yes,Yes,Yes
C1506,22,84.79,1947.31,One year,DSL,Credit card,2,Yes,No,0,No,No,No
C2230,56,56.85,3144.91,Month-to-month,Fiber optic,Mailed check,0,No,Yes,0,Yes,Yes,No
C3940,39,82.93,3160.07,Month-to-month,Fiber optic,Electronic check,3,No,No,0,Yes,Yes,Yes
C1716,30,107.71,3271.56,Month-to-month,No,Mailed check,1,Yes,No,0,No,Yes,No
C3023,45,82.29,3679.74,Two year,Fiber optic,Credit card,2,No,No,0,No,No,No
C2841,46,85.75,3953.44,Month-to-month,Fiber optic,Credit card,3,No,No,0,Yes,No,Yes
C2016,64,57.16,3719.23,Two year,No,Credit card,0,No,Yes,0,No,Yes,No
C2968,26,79.28,2091.63,Month-to-month,No,Bank transfer,1,Yes,Yes,0,No,No,Yes
C1054,20,53.91,1023.65,Month-to-month,Fiber optic,Credit card,2,No,Yes,0,Yes,No,Yes
C1049,36,45.81,1595.86,Month-to-month,No,Electronic check,1,No,No,0,Yes,No,Yes
C1766,37,67.88,2574.05,One year,No,Mailed check,2,No,No,0,No,No,No
C3487,33,60.95,2016.77,Month-to-month,Fiber optic,Mailed check,2,Yes,No,0,Yes,No,No
C3156,8,97.08,,One year,Fiber optic,Mailed check,1,Yes,Yes,0,Yes,Yes,Yes
C1809,41,88.02,3599.1,One year,Fiber optic,Mailed check,3,Yes,No,0,Yes,Yes,No
C3070,27,56.81,1528.61,Month-to-month,No,Mailed check,0,No,No,0,Yes,Yes,Yes
C1376,53,56.96,3087.92,Month-to-month,DSL,Bank transfer,1,Yes,No,1,No,No,No
C1736,52,69.04,3573.58,Month-to-month,Fiber optic,Mailed check,0,No,No,0,Yes,Yes,Yes
C3869,3,70.38,263.19,One year,Fiber optic,Credit card,1,Yes,Yes,0,Yes,Yes,No
C1594,40,70.41,2904.09,Two year,Fiber optic,Credit card,2,No,No,0,No,Yes,No
C1348,29,47.67,1405.51,One year,No,Electronic check,3,Yes,No,0,No,No,Yes
C1093,8,119.9,927.13,Month-to-month,Fiber optic,Mailed check,2,No,Yes,1,No,No,No
C2248,19,86.58,1566.02,Two year,Fiber optic,Bank transfer,0,Yes,No,0,Yes,No,No
C3800,35,67.04,2320.79,Month-to-month,Fiber optic,Bank transfer,0,No,No,0,No,No,Yes
C3896,46,81.27,3721.62,Month-to-month,Fiber optic,Electronic check,0,No,No,0,Yes,No,Yes
C3542,56,57.52,3236.0,Month-to-month,No,Credit card,0,Yes,Yes,0,Yes,Yes,No
C3387,61,56.83,3482.94,Month-to-month,Fiber optic,Mailed check,2,Yes,No,0,No,No,Yes
C3521,44,56.32,2448.17,Month-to-month,DSL,Credit card,3,Yes,No,0,Yes,Yes,Yes
C2681,42,60.05,2507.71,Two year,Fiber optic,Mailed check,1,No,Yes,0,Yes,Yes,No
C3302,57,99.93,5690.15,Month-to-month,No,Mailed check,2,No,No,0,Yes,Yes,No
C1135,15,47.08,737.76,Two year,Fiber optic,Credit card,0,Yes,No,0,No,No,No
C3477,22,106.5,2413.7,Two year,Fiber optic,Electronic check,1,No,No,0,No,No,No
C1935,7,75.23,511.5,Month-to-month,No,Bank transfer,1,No,No,0,Yes,No,No
C2714,49,50.37,2468.87,Two year,Fiber optic,Electronic check,0,Yes,Yes,0,Yes,Yes,No
C3541,21,76.81,1585.8,One year,Fiber optic,Mailed check,2,No,Yes,0,Yes,Yes,No
C1777,30,37.63,1113.39,Month-to-month,DSL,Bank transfer,1,Yes,No,0,Yes,Yes,No
C2134,4,56.37,221.17,Month-to-month,DSL,Bank transfer,0,Yes,Yes,0,No,Yes,Yes
C2678,1,62.33,47.4,One year,No,Electronic check,0,No,No,1,Yes,No,Yes
C2664,60,50.81,2952.69,Month-to-month,DSL,Credit card,1,Yes,No,0,No,No,No
C1707,57,67.28,3801.55,Month-to-month,Fiber optic,Bank transfer,0,Yes,No,0,No,No,No
C1560,15,60.04,,Month-to-month,Fiber optic,Electronic check,5,Yes,No,0,Yes,Yes,Yes
C1653,50,52.48,2668.98,One year,No,Mailed check,1,Yes,No,0,No,Yes,Yes
C2270,1,58.5,,Month-to-month,No,Mailed check,0,No,No,0,No,No,No
C3820,34,93.41,3183.73,Month-to-month,Fiber optic,Mailed check,3,Yes,Yes,0,Yes,Yes,No
C1417,52,93.77,4849.65,Month-to-month,No,Mailed check,0,No,Yes,0,No,Yes,No
C2878,28,49.11,1377.63,Month-to-month,DSL,Credit card,3,No,No,0,Yes,No,Yes
C1986,23,55.5,1296.28,One year,DSL,Mailed check,2,No,No,0,Yes,No,No
C3550,34,92.17,3090.37,Month-to-month,Fiber optic,Bank transfer,0,No,No,0,Yes,Yes,No
C1130,36,52.96,1982.56,Month-to-month,Fiber optic,Electronic check,2,Yes,No,1,No,No,Yes
C1847,12,66.33,690.12,Month-to-month,Fiber optic,Electronic check,2,No,No,0,No,No,Yes
C2149,56,39.51,2242.47,One year,Fiber optic,Electronic check,2,No,Yes,0,No,Yes,No
C1024,25,67.79,1754.49,Month-to-month,DSL,Electronic check,2,Yes,No,0,Yes,No,Yes
C2804,22,43.73,961.82,Two year,Fiber optic,Bank transfer,0,No,Yes,0,No,Yes,No
C2889,42,58.48,2477.83,Two year,Fiber optic,Mailed check,1,Yes,No,1,Yes,No,No
C2527,36,52.41,1815.29,One year,DSL,Bank transfer,4,No,Yes,0,Yes,Yes,Yes
C3203,56,75.04,4246.83,Two year,DSL,Mailed check,0,No,No,0,Yes,Yes,No
C3934,57,74.57,4198.28,Two year,DSL,Electronic check,1,Yes,Yes,0,No,No,No
C3674,68,81.73,5515.5,Month-to-month,DSL,Mailed check,1,No,No,0,Yes,Yes,Yes
C2022,28,77.7,2063.22,One year,No,Mailed check,0,Yes,No,0,No,No,No
C1872,49,30.63,1394.88,One year,DSL,Electronic check,2,Yes,Yes,0,Yes,No,No
C2566,11,78.36,880.14,Month-to-month,Fiber optic,Bank transfer,1,Yes,Yes,0,Yes,Yes,No
C1225,17,101.75,1701.52,One year,No,Mailed check,5,No,No,0,No,No,No
C3022,20,94.04,1955.87,Month-to-month,Fiber optic,Bank transfer,0,No,No,0,No,Yes,No
C2469,57,70.78,4106.39,Month-to-month,DSL,Credit card,0,No,No,0,No,No,No
C2461,20,90.31,1855.03,Month-to-month,DSL,Electronic check,2,No,No,0,Yes,Yes,Yes
C2056,37,57.85,2165.48,Month-to-month,No,Mailed check,0,No,No,0,Yes,No,Yes
C3444,70,62.06,4405.12,Month-to-month,Fiber optic,Credit card,3,No,No,1,Yes,Yes,No
C3336,60,59.59,3541.68,Month-to-month,DSL,Bank transfer,2,Yes,No,0,No,No,Yes
C3227,18,70.15,1222.3,Month-to-month,Fiber optic,Mailed check,2,No,No,0,No,No,Yes
C1947,27,87.14,2311.03,Month-to-month,Fiber optic,Credit card,1,Yes,Yes,0,No,Yes,No
C2908,52,15.97,931.99,One year,Fiber optic,Credit card,1,Yes,No,0,Yes,No,Yes
C3058,6,68.29,455.68,One year,Fiber optic,Electronic check,1,No,No,0,Yes,Yes,Yes
C1354,39,50.86,2025.9,Month-to-month,Fiber optic,Credit card,0,No,Yes,0,No,Yes,Yes
C1067,13,52.76,669.41,Two year,DSL,Bank transfer,0,No,No,0,No,Yes,No
C2697,62,66.97,4229.58,One year,Fiber optic,Mailed check,0,Yes,Yes,1,No,Yes,No
C1721,63,61.87,3875.36,Month-to-month,Fiber optic,Credit card,1,No,No,0,No,No,No
C1145,32,79.71,2559.31,Month-to-month,Fiber optic,Credit card,0,No,No,0,Yes,No,Yes
C1415,2,50.97,54.09,Month-to-month,Fiber optic,Mailed check,0,No,No,0,No,Yes,No
C2530,10,54.58,601.25,Month-to-month,Fiber optic,Mailed check,1,No,No,0,No,Yes,Yes
C3962,13,72.55,1057.04,Month-to-month,DSL,Mailed check,1,Yes,No,1,No,Yes,Yes
C1171,44,58.18,2596.02,Month-to-month,Fiber optic,Bank transfer,3,Yes,Yes,0,Yes,No,Yes
C1726,50,64.09,3172.01,Two year,Fiber optic,Bank transfer,0,No,Yes,0,Yes,Yes,Yes
C2895,8,88.94,648.69,Month-to-month,No,Electronic check,1,Yes,Yes,1,No,Yes,No
C1055,34,66.16,2348.28,Month-to-month,Fiber optic,Bank transfer,2,Yes,Yes,0,No,Yes,Yes
C1138,35,76.84,2649.34,One year,Fiber optic,Bank transfer,0,Yes,Yes,1,Yes,Yes,Yes
C3243,34,37.84,1316.21,Month-to-month,Fiber optic,Credit card,2,No,No,0,Yes,Yes,No
C1449,4,103.84,393.01,Two year,Fiber optic,Bank transfer,0,No,Yes,0,Yes,No,No
C2997,25,49.28,1193.88,Two year,No,Credit card,2,Yes,No,0,No,Yes,No
C1988,42,50.28,2126.41,One year,DSL,Mailed check,5,Yes,Yes,0,No,No,Yes
C1969,50,77.14,3881.53,Two year,No,Mailed check,0,No,No,0,Yes,Yes,No
C1136,46,70.7,3277.56,Month-to-month,Fiber optic,Credit card,1,Yes,Yes,0,Yes,Yes,No
C2896,30,68.67,2081.84,One year,DSL,Mailed check,1,Yes,No,0,Yes,Yes,No
C1174,17,60.08,1042.22,One year,DSL,Bank transfer,0,No,Yes,0,No,Yes,No
C2965,20,89.76,1861.62,Two year,Fiber optic,Bank transfer,2,No,No,0,No,Yes,Yes
C1385,11,55.9,588.03,Month-to-month,Fiber optic,Bank transfer,5,Yes,Yes,1,No,Yes,Yes
C2724,50,47.53,2426.45,One year,No,Bank transfer,1,No,No,0,Yes,Yes,No
C3753,17,50.34,900.83,Month-to-month,DSL,Credit card,1,Yes,No,0,No,Yes,No
C1444,56,26.29,1508.28,Month-to-month,Fiber optic,Electronic check,0,No,No,0,Yes,Yes,No
C2101,68,72.32,4901.73,Month-to-month,Fiber optic,Mailed check,1,No,Yes,1,No,No,Yes
C3793,52,61.14,3215.31,Two year,Fiber optic,Credit card,2,Yes,No,0,Yes,Yes,No
C2827,13,58.38,829.25,Two year,Fiber optic,Mailed check,1,No,No,0,No,Yes,No
C3935,22,84.83,1930.55,One year,Fiber optic,Mailed check,0,No,Yes,1,Yes,No,No
C2883,37,53.49,1988.24,Month-to-month,DSL,Credit card,1,Yes,No,1,No,No,No
C2289,63,80.27,5079.26,Two year,No,Bank transfer,3,No,No,1,No,Yes,No
C2581,30,86.01,2558.25,One year,Fiber optic,Electronic check,0,Yes,No,0,Yes,No,No
C1089,39,87.69,3395.82,Month-to-month,Fiber optic,Bank transfer,3,No,No,0,Yes,Yes,Yes
C3463,57,114.7,6498.16,Month-to-month,DSL,Credit card,2,Yes,No,1,Yes,No,No
C2305,71,67.27,4780.23,Month-to-month,DSL,Bank transfer,2,Yes,Yes,0,Yes,Yes,No
C3100,27,88.11,2321.35,Month-to-month,Fiber optic,Bank transfer,1,No,No,0,Yes,No,Yes
C3048,18,47.82,,Month-to-month,No,Credit card,1,No,Yes,0,Yes,Yes,No
C3177,25,65.82,,Month-to-month,DSL,Bank transfer,0,No,No,0,No,Yes,Yes
C2029,58,59.44,3483.24,One year,DSL,Mailed check,0,Yes,No,0,No,No,No
C2329,55,86.06,4711.66,Month-to-month,DSL,Mailed check,1,Yes,No,0,No,No,No
C1039,32,77.0,2462.88,Two year,Fiber optic,Electronic check,2,Yes,No,0,No,No,No
C2012,70,60.64,4209.83,One year,Fiber optic,Bank transfer,1,No,Yes,1,Yes,No,No
C1943,16,71.77,1041.3,Month-to-month,No,Electronic check,0,No,Yes,0,Yes,Yes,No
C1665,62,72.88,4584.16,Month-to-month,DSL,Mailed check,0,Yes,Yes,0,Yes,No,Yes
C3339,38,80.41,3025.8,One year,DSL,Bank transfer,2,No,Yes,0,Yes,Yes,No
C1452,5,81.75,396.19,One year,Fiber optic,Credit card,2,No,No,0,No,Yes,Yes
C1780,61,82.32,5006.93,One year,No,Bank transfer,2,Yes,No,0,Yes,Yes,No
C3499,20,82.97,1732.78,One year,DSL,Credit card,0,No,Yes,0,Yes,Yes,No
C2148,22,58.28,1299.18,Month-to-month,Fiber optic,Bank transfer,0,No,No,0,No,Yes,No
C1177,41,46.46,1871.65,One year,No,Credit card,1,No,No,0,No,No,No
C3184,9,73.54,727.59,Two year,No,Electronic check,0,No,No,1,Yes,Yes,No
C1336,11,15.0,104.51,Two year,No,Mailed check,1,No,Yes,0,Yes,Yes,No
C2918,62,92.57,5778.58,One year,Fiber optic,Credit card,1,Yes,No,0,No,No,No
C3166,51,77.08,3843.79,One year,No,Electronic check,0,No,No,0,Yes,Yes,No
C3992,56,90.54,5047.7,One year,Fiber optic,Mailed check,1,Yes,No,1,No,No,Yes
C2556,24,49.04,1141.3,Month-to-month,Fiber optic,Mailed check,2,No,Yes,0,No,No,Yes
C3903,27,79.92,2089.25,Two year,Fiber optic,Credit card,1,No,No,1,No,Yes,No
C2600,38,58.96,2176.71,One year,Fiber optic,Bank transfer,1,Yes,No,0,Yes,Yes,No
C2641,10,30.46,276.85,One year,No,Bank transfer,0,No,Yes,1,No,Yes,No
C1351,55,24.8,,Two year,Fiber optic,Mailed check,2,No,Yes,0,No,No,No
C1624,32,51.91,1622.14,Two year,DSL,Credit card,3,Yes,No,0,Yes,Yes,No
C3240,17,43.05,762.42,Month-to-month,DSL,Bank transfer,2,No,Yes,0,Yes,Yes,No
C3531,47,69.04,3234.83,Month-to-month,Fiber optic,Electronic check,3,No,No,0,No,Yes,No
C3490,53,75.53,3927.45,One year,No,Electronic check,2,Yes,No,0,No,No,Yes
C2551,31,49.21,1559.6,Month-to-month,DSL,Bank transfer,0,No,No,0,Yes,No,Yes
C3183,8,44.25,315.66,Month-to-month,DSL,Mailed check,1,Yes,No,0,No,No,Yes
C3573,30,87.9,2674.6,One year,DSL,Electronic check,0,No,No,0,Yes,No,Yes
C3089,65,69.38,4577.75,One year,Fiber optic,Mailed check,2,Yes,Yes,0,Yes,Yes,No
C1723,6,64.56,396.85,Month-to-month,Fiber optic,Mailed check,1,Yes,No,0,Yes,Yes,No
C1698,47,38.74,1878.23,Two year,Fiber optic,Electronic check,1,Yes,No,1,No,No,No
C1358,5,92.79,419.72,Month-to-month,Fiber optic,Mailed check,1,No,No,1,Yes,No,Yes
C3880,51,62.62,3196.31,Month-to-month,DSL,Credit card,1,No,No,0,No,Yes,Yes
C2321,34,56.64,1861.96,One year,Fiber optic,Credit card,0,Yes,Yes,0,No,No,No
C2613,20,48.95,963.69,Month-to-month,Fiber optic,Bank transfer,2,Yes,No,0,No,Yes,Yes
C3723,9,83.72,815.16,Month-to-month,Fiber optic,Electronic check,4,No,No,0,No,No,Yes
C3575,24,54.48,1368.94,One year,Fiber optic,Credit card,1,Yes,No,0,Yes,Yes,No
C2525,18,29.32,512.59,Month-to-month,Fiber optic,Mailed check,0,Yes,Yes,0,No,Yes,Yes
C1618,39,56.55,2271.16,Month-to-month,DSL,Bank transfer,0,No,Yes,0,Yes,No,No
C1465,50,49.89,2495.73,One year,No,Bank transfer,2,No,No,0,No,No,No
C2434,53,69.37,3670.93,One year,Fiber optic,Bank transfer,1,Yes,No,0,No,Yes,No
C3745,14,39.86,531.11,One year,Fiber optic,Bank transfer,2,No,No,0,No,Yes,No
C2419,19,84.26,1659.23,Month-to-month,Fiber optic,Electronic check,1,No,No,0,No,No,Yes
C3508,32,32.1,951.79,Month-to-month,DSL,Electronic check,0,Yes,No,0,Yes,Yes,Yes
C2702,7,85.47,482.41,Month-to-month,Fiber optic,Mailed check,2,Yes,No,0,No,Yes,No
C3127,64,74.86,4828.53,Month-to-month,Fiber optic,Mailed check,0,No,No,0,No,Yes,No
C2987,54,91.86,4953.37,Month-to-month,Fiber optic,Bank transfer,0,No,No,1,Yes,Yes,Yes
C1491,40,22.06,953.86,Month-to-month,Fiber optic,Mailed check,1,No,No,0,Yes,No,Yes
C3881,35,69.3,2442.41,Month-to-month,Fiber optic,Electronic check,1,No,No,0,Yes,Yes,Yes
C2765,10,38.5,346.79,Month-to-month,DSL,Bank transfer,0,Yes,No,0,No,Yes,Yes
C3486,14,66.68,943.51,Month-to-month,Fiber optic,Mailed check,2,No,No,0,No,Yes,Yes
C3407,47,19.5,906.26,Month-to-month,Fiber optic,Electronic check,1,Yes,No,0,No,Yes,No
C2788,57,109.42,6199.59,Month-to-month,Fiber optic,Bank transfer,0,No,Yes,0,Yes,Yes,No
C3951,35,91.24,3283.13,One year,No,Bank transfer,1,No,No,0,Yes,Yes,No
C2481,38,34.18,1319.26,Two year,Fiber optic,Electronic check,1,No,No,0,No,No,Yes
C3669,10,111.33,1065.05,Month-to-month,Fiber optic,Mailed check,0,No,No,0,Yes,No,Yes
C2135,53,80.27,4350.38,One year,DSL,Electronic check,0,No,No,0,No,Yes,No
C2935,26,75.58,1927.06,Month-to-month,Fiber optic,Electronic check,0,Yes,No,0,Yes,Yes,No
C3390,37,74.04,2693.1,One year,Fiber optic,Electronic check,2,No,No,1,Yes,Yes,No
C2580,23,79.89,1834.97,One year,Fiber optic,Electronic check,2,Yes,Yes,0,Yes,Yes,Yes
C1479,53,74.1,3922.39,Month-to-month,DSL,Mailed check,2,No,No,0,No,Yes,Yes
C3265,34,61.62,2088.01,Month-to-month,Fiber optic,Electronic check,2,Yes,No,0,Yes,Yes,No
C1102,7,62.74,314.63,Month-to-month,DSL,Mailed check,2,Yes,Yes,1,Yes,Yes,No
C2478,11,87.9,997.29,Month-to-month,No,Electronic check,2,No,Yes,0,Yes,No,Yes
C1742,50,56.44,2815.9,Two year,DSL,Bank transfer,1,No,No,0,Yes,Yes,No
C3625,63,36.64,2305.03,Two year,DSL,Credit card,0,Yes,Yes,0,No,Yes,No
C1053,5,43.0,231.6,Month-to-month,DSL,Electronic check,0,Yes,No,0,No,Yes,Yes
C1987,30,66.44,2020.59,Month-to-month,Fiber optic,Mailed check,0,Yes,No,0,No,Yes,No
C3425,3,71.53,165.69,Month-to-month,Fiber optic,Credit card,1,Yes,No,0,Yes,Yes,Yes
C1068,10,72.27,756.24,Month-to-month,DSL,Mailed check,0,Yes,No,0,No,No,No
C1717,32,73.82,2272.6,Month-to-month,Fiber optic,Mailed check,2,Yes,Yes,0,Yes,Yes,No
C2100,47,34.26,,Month-to-month,DSL,Electronic check,0,No,No,0,Yes,No,Yes
C1333,35,41.65,1472.08,Month-to-month,Fiber optic,Electronic check,0,No,No,0,No,Yes,Yes
C3429,60,33.92,2024.77,Two year,DSL,Electronic check,2,No,No,0,No,No,No
C2391,46,73.64,3357.69,Month-to-month,No,Electronic check,3,Yes,No,0,No,No,Yes
C2239,61,41.03,2460.96,Month-to-month,Fiber optic,Electronic check,1,Yes,No,0,Yes,No,No
C1784,21,87.11,1739.05,Two year,Fiber optic,Mailed check,2,Yes,No,0,Yes,No,No
C2173,60,63.74,3871.79,Two year,DSL,Electronic check,1,Yes,No,0,Yes,Yes,No
C2158,5,42.32,227.16,Month-to-month,DSL,Credit card,2,Yes,No,1,Yes,Yes,No
C2315,53,101.38,5405.07,Month-to-month,DSL,Electronic check,1,No,Yes,0,No,Yes,Yes
C2137,55,73.0,4050.47,One year,Fiber optic,Bank transfer,2,Yes,No,1,No,Yes,No
C1127,29,82.57,2363.3,Month-to-month,No,Mailed check,2,No,Yes,0,Yes,Yes,No
C2583,42,101.67,4172.93,Month-to-month,DSL,Credit card,0,No,No,1,No,No,Yes
C2974,6,94.43,555.83,Month-to-month,DSL,Bank transfer,3,Yes,No,0,No,Yes,Yes
C2261,20,73.54,1497.21,Month-to-month,No,Bank transfer,0,No,No,0,Yes,No,Yes
C3571,56,38.45,2174.06,Month-to-month,Fiber optic,Bank transfer,3,Yes,No,0,Yes,No,No
C2106,35,37.46,1237.2,Month-to-month,Fiber optic,Mailed check,0,No,Yes,0,No,No,No
C1950,47,16.86,655.45,Month-to-month,Fiber optic,Bank transfer,2,No,No,0,Yes,No,No
C3122,36,81.43,2982.15,Month-to-month,No,Bank transfer,1,Yes,Yes,0,Yes,Yes,No
C2129,60,77.69,4661.12,Two year,DSL,Electronic check,0,Yes,Yes,0,Yes,Yes,No
C3911,70,73.92,5181.06,One year,DSL,Bank transfer,1,Yes,No,0,Yes,Yes,No
C2558,35,25.26,874.08,Month-to-month,No,Bank transfer,0,No,No,0,Yes,No,Yes
C1461,67,45.95,3051.5,Month-to-month,Fiber optic,Electronic check,1,No,No,0,Yes,Yes,Yes
C1639,1,38.61,95.54,One year,Fiber optic,Mailed check,0,No,No,0,Yes,Yes,No
C1757,64,66.64,4312.78,Month-to-month,DSL,Mailed check,0,Yes,No,0,No,No,Yes
C3649,62,30.86,1878.33,One year,Fiber optic,Mailed check,4,Yes,Yes,0,Yes,Yes,Yes
C1929,68,48.04,3308.84,Two year,DSL,Electronic check,1,Yes,No,0,Yes,Yes,No
C1230,13,71.19,910.23,One year,DSL,Mailed check,0,Yes,No,0,No,No,No
C2319,10,63.5,644.17,Month-to-month,No,Credit card,1,Yes,No,0,No,Yes,No
C1555,64,97.48,6273.17,Month-to-month,Fiber optic,Credit card,2,Yes,No,0,No,Yes,Yes
C1543,12,73.76,822.05,Month-to-month,DSL,Credit card,1,Yes,No,0,No,Yes,Yes
C3954,26,91.68,2405.05,One year,Fiber optic,Electronic check,2,No,Yes,0,No,Yes,No
C3500,45,72.9,3233.06,Month-to-month,Fiber optic,Mailed check,3,Yes,No,0,Yes,No,No
C3411,32,36.89,1204.41,Month-to-month,No,Mailed check,2,No,No,0,No,Yes,No
C3498,39,105.07,4105.28,Month-to-month,DSL,Credit card,0,No,Yes,0,No,No,Yes
C1098,27,98.42,2561.86,Two year,No,Bank transfer,0,No,Yes,0,Yes,No,No
C2430,37,77.65,2932.02,Month-to-month,Fiber optic,Mailed check,2,No,No,0,Yes,Yes,Yes
C2250,4,55.9,261.31,Month-to-month,Fiber optic,Bank transfer,0,No,No,0,Yes,No,Yes
C2887,12,29.88,325.35,One year,Fiber optic,Electronic check,1,Yes,No,0,Yes,No,Yes
C2899,8,67.37,598.69,One year,No,Electronic check,1,Yes,No,0,Yes,No,No
C2005,48,67.46,3156.2,One year,Fiber optic,Credit card,1,Yes,No,0,No,Yes,No
C2470,35,32.74,1035.98,Month-to-month,No,Mailed check,1,No,No,0,Yes,Yes,No
C3060,16,92.15,1491.47,One year,Fiber optic,Electronic check,1,Yes,No,0,Yes,Yes,Yes
C3309,44,46.44,2115.03,Month-to-month,Fiber optic,Mailed check,2,Yes,Yes,0,No,No,No
C1294,42,70.92,3059.39,Month-to-month,DSL,Electronic check,2,No,No,0,No,No,No
C3414,4,48.06,200.77,Month-to-month,DSL,Electronic check,0,Yes,No,0,Yes,Yes,No
C3686,38,81.71,3208.02,Month-to-month,Fiber optic,Bank transfer,2,No,Yes,0,Yes,No,Yes
C3802,61,49.98,3043.57,One year,Fiber optic,Credit card,2,Yes,No,0,No,Yes,No
C3353,16,65.08,,Two year,DSL,Mailed check,0,No,Yes,0,No,Yes,No
C1159,55,57.82,3188.37,Month-to-month,No,Credit card,2,No,No,0,Yes,Yes,Yes
C2236,11,65.35,709.37,One year,Fiber optic,Mailed check,2,No,No,1,Yes,Yes,No
C1650,3,70.62,260.97,Month-to-month,Fiber optic,Mailed check,1,Yes,Yes,0,No,Yes,Yes
C1909,3,87.7,311.54,One year,Fiber optic,Electronic check,0,No,No,0,Yes,No,No
C3828,61,36.85,2341.85,Month-to-month,Fiber optic,Bank transfer,0,No,No,0,Yes,Yes,Yes
C3632,21,41.14,753.75,Month-to-month,Fiber optic,Electronic check,2,No,No,0,No,No,Yes
C2557,58,61.56,3565.6,Two year,DSL,Electronic check,0,No,Yes,1,No,No,No
C1320,59,61.71,3642.18,Month-to-month,Fiber optic,Bank transfer,0,No,No,1,Yes,No,Yes
C1014,45,51.11,2273.53,Month-to-month,DSL,Mailed check,0,No,No,0,Yes,Yes,No
C1975,3,65.65,183.98,Two year,Fiber optic,Bank transfer,0,Yes,No,0,Yes,Yes,No
C3468,32,95.69,3021.81,Two year,Fiber optic,Electronic check,3,Yes,Yes,0,No,No,Yes
C2446,67,55.59,3690.09,Month-to-month,DSL,Credit card,3,Yes,No,0,Yes,Yes,No
C1462,22,97.47,2096.52,One year,DSL,Mailed check,2,No,No,0,Yes,No,No
C3957,13,33.93,474.9,One year,Fiber optic,Mailed check,3,No,No,0,No,Yes,No
C2692,4,81.74,284.36,Two year,No,Bank transfer,0,No,No,1,No,No,No
C2719,42,63.64,2653.91,One year,Fiber optic,Bank transfer,0,Yes,Yes,0,No,No,No
C1643,1,60.02,93.88,Two year,DSL,Credit card,0,No,No,0,Yes,Yes,No
C1619,52,47.81,2514.06,Month-to-month,No,Mailed check,2,Yes,Yes,0,No,Yes,No
C1651,71,91.09,6506.75,Two year,Fiber optic,Credit card,2,Yes,No,0,No,Yes,No
C1253,67,50.46,3388.82,One year,Fiber optic,Credit card,5,Yes,No,1,Yes,Yes,No
C2881,56,62.6,3463.11,Month-to-month,DSL,Mailed check,0,No,Yes,0,No,Yes,Yes
C1873,30,51.98,1518.48,Month-to-month,DSL,Mailed check,3,Yes,No,0,No,No,No
C1466,46,89.83,4143.98,Month-to-month,Fiber optic,Credit card,0,Yes,Yes,0,Yes,Yes,No
C1753,4,59.02,176.28,Month-to-month,Fiber optic,Mailed check,1,No,Yes,0,No,Yes,Yes
C3623,69,57.23,3967.04,One year,No,Credit card,0,Yes,No,0,Yes,Yes,No
C1941,49,45.38,2248.4,Month-to-month,Fiber optic,Electronic check,0,No,No,0,No,Yes,Yes
C1882,7,56.29,442.28,Month-to-month,Fiber optic,Bank transfer,0,No,No,1,Yes,Yes,Yes
C1291,29,78.33,2294.52,Month-to-month,DSL,Credit card,1,Yes,Yes,0,No,Yes,Yes
C1233,17,74.31,1254.55,Month-to-month,DSL,Electronic check,1,Yes,No,0,Yes,Yes,No
C3956,14,85.36,1166.75,Two year,DSL,Credit card,0,Yes,No,0,Yes,No,No
C2304,7,21.06,88.89,Month-to-month,No,Electronic check,1,No,No,0,No,No,Yes
C2766,28,73.79,2122.68,Month-to-month,Fiber optic,Bank transfer,1,No,No,0,No,Yes,Yes
C2518,35,92.81,3263.34,Month-to-month,DSL,Mailed check,1,No,No,0,No,No,Yes
C3271,37,42.86,1633.26,Two year,DSL,Bank transfer,1,No,Yes,0,No,No,No
C3787,43,59.83,2555.9,Two year,Fiber optic,Electronic check,2,No,No,0,No,Yes,No
C3097,61,86.04,5283.08,Two year,DSL,Credit card,1,No,No,0,Yes,Yes,No
C3417,48,107.69,5161.56,Month-to-month,DSL,Credit card,1,Yes,Yes,0,Yes,Yes,No
C3025,21,81.17,1752.92,Month-to-month,No,Bank transfer,2,Yes,Yes,0,No,No,Yes
C2485,26,90.54,2382.08,Month-to-month,DSL,Credit card,2,No,Yes,0,No,No,No
C2241,40,96.29,3785.93,Two year,No,Credit card,2,Yes,Yes,0,No,Yes,No
C1534,5,59.01,,Two year,No,Bank transfer,1,No,Yes,0,Yes,Yes,No
C1525,36,70.62,2607.54,Month-to-month,DSL,Bank transfer,3,No,No,0,No,No,Yes
C2425,53,69.97,3643.4,One year,No,Bank transfer,0,No,Yes,0,No,No,No
C2080,47,85.55,3954.16,Month-to-month,DSL,Bank transfer,0,Yes,No,0,Yes,No,No
C3697,13,62.66,805.71,Month-to-month,DSL,Electronic check,2,No,Yes,0,Yes,No,Yes
C1589,65,65.78,4203.21,Month-to-month,DSL,Mailed check,0,No,No,0,Yes,No,No
C1673,10,72.0,745.11,Month-to-month,Fiber optic,Electronic check,3,Yes,No,0,No,No,Yes
C3547,43,53.68,2378.61,Month-to-month,No,Mailed check,1,No,Yes,0,Yes,No,Yes
C3154,14,84.91,1083.19,One year,DSL,Bank transfer,1,No,Yes,0,Yes,No,No
C2346,52,50.59,2624.48,Month-to-month,DSL,Electronic check,1,No,No,0,No,Yes,No
C2375,63,65.25,4141.35,Month-to-month,No,Electronic check,0,No,Yes,0,Yes,Yes,No
C1835,19,77.52,1414.08,Month-to-month,DSL,Bank transfer,3,No,No,0,Yes,No,Yes
C1251,34,70.03,2386.3,Month-to-month,Fiber optic,Electronic check,3,No,Yes,1,No,No,Yes
C1666,36,59.77,2159.94,Month-to-month,Fiber optic,Bank transfer,1,No,Yes,0,No,Yes,No
C3209,58,30.79,1817.17,Month-to-month,Fiber optic,Mailed check,0,No,Yes,0,No,Yes,Yes
C2871,48,63.68,3029.1,One year,DSL,Bank transfer,1,No,Yes,0,Yes,No,No
C1390,24,81.24,1996.8,Month-to-month,DSL,Bank transfer,2,No,No,1,No,No,No
C2467,33,53.31,1768.84,Month-to-month,Fiber optic,Mailed check,0,No,No,1,Yes,No,No
C3560,30,75.09,2269.06,Two year,Fiber optic,Electronic check,0,No,No,0,Yes,No,No
C2362,66,85.66,5629.88,Month-to-month,Fiber optic,Credit card,0,No,Yes,1,Yes,Yes,Yes
C1794,7,50.3,327.86,One year,No,Mailed check,3,Yes,No,0,Yes,No,Yes
C2984,39,47.03,1782.29,One year,DSL,Bank transfer,1,Yes,No,0,No,Yes,No
C2933,12,86.49,1087.81,Month-to-month,DSL,Electronic check,1,No,Yes,1,No,Yes,No
C3104,11,60.69,682.71,One year,Fiber optic,Credit card,4,Yes,No,0,No,No,Yes
C1681,70,76.78,,Month-to-month,DSL,Electronic check,1,No,No,0,Yes,Yes,No
C2205,9,89.17,825.39,Month-to-month,DSL,Bank transfer,1,Yes,Yes,0,Yes,No,Yes
C2077,66,68.88,4537.03,Two year,DSL,Electronic check,4,Yes,No,0,No,Yes,No
C3908,5,86.86,424.12,Two year,DSL,Bank transfer,0,Yes,Yes,0,No,No,No
C3394,53,56.06,2911.45,Month-to-month,No,Bank transfer,2,No,No,1,No,No,Yes
C1151,59,75.43,4546.17,Month-to-month,No,Bank transfer,0,Yes,No,0,No,Yes,Yes
C2524,29,49.11,1380.36,Month-to-month,DSL,Electronic check,0,No,Yes,1,Yes,Yes,No
C3783,43,58.57,2523.34,One year,DSL,Electronic check,2,No,No,0,Yes,Yes,No
C1827,22,85.5,1828.2,Month-to-month,Fiber optic,Electronic check,1,No,No,0,No,No,No
C2254,18,101.62,1817.9,Month-to-month,DSL,Electronic check,0,No,Yes,1,Yes,Yes,Yes
C1524,61,76.93,4698.7,Month-to-month,Fiber optic,Bank transfer,2,No,No,0,No,Yes,Yes
C2265,29,68.38,,Month-to-month,DSL,Electronic check,1,Yes,Yes,0,Yes,No,Yes
C3069,43,66.48,2895.63,One year,DSL,Electronic check,2,Yes,Yes,0,Yes,Yes,No
C1405,29,91.26,2679.48,Month-to-month,Fiber optic,Mailed check,2,No,Yes,1,No,No,Yes
C1257,37,40.74,1499.19,Month-to-month,Fiber optic,Mailed check,0,Yes,Yes,0,Yes,Yes,No
C3850,70,104.79,7383.23,Month-to-month,DSL,Electronic check,1,Yes,No,0,Yes,Yes,No
C3436,44,61.17,2742.82,Month-to-month,Fiber optic,Electronic check,0,No,No,0,Yes,Yes,No
C1185,59,103.98,6069.09,Month-to-month,Fiber optic,Mailed check,1,Yes,No,0,No,Yes,Yes
C3091,65,55.85,3590.76,Month-to-month,DSL,Bank transfer,4,No,No,0,No,Yes,Yes
C1473,41,55.34,2250.61,One year,Fiber optic,Credit card,2,Yes,Yes,1,No,No,No
C1812,32,60.28,1854.54,Two year,Fiber optic,Mailed check,3,No,Yes,0,No,Yes,No
C3388,63,47.14,2888.33,Two year,Fiber optic,Credit card,1,Yes,No,0,Yes,No,No
C2166,28,67.03,1872.39,Month-to-month,DSL,Mailed check,1,Yes,No,0,Yes,Yes,Yes
C1364,37,65.43,2333.4,One year,DSL,Mailed check,1,No,Yes,0,No,No,No
C3949,28,80.72,2277.88,Two year,DSL,Credit card,2,No,No,1,No,No,No
C2858,17,70.01,1189.63,Month-to-month,Fiber optic,Electronic check,2,Yes,Yes,0,Yes,No,Yes
C2350,63,56.05,3593.59,Month-to-month,Fiber optic,Electronic check,1,Yes,Yes,1,Yes,Yes,Yes
C3363,19,39.61,768.58,Month-to-month,DSL,Electronic check,0,Yes,No,0,No,Yes,Yes
C1329,50,55.04,2729.99,Two year,Fiber optic,Mailed check,0,Yes,Yes,1,No,Yes,No
C1512,68,65.24,4374.38,Month-to-month,No,Credit card,1,No,Yes,0,Yes,Yes,No
C1662,17,31.32,491.79,Month-to-month,Fiber optic,Mailed check,0,No,Yes,0,Yes,No,No
C1345,12,18.7,246.56,Month-to-month,DSL,Electronic check,0,No,No,0,Yes,Yes,No
C2603,13,15.0,184.53,Month-to-month,No,Bank transfer,0,No,Yes,0,Yes,Yes,Yes
C1832,27,66.1,1716.16,Month-to-month,No,Mailed check,0,No,No,0,Yes,Yes,Yes
C1683,39,61.45,2404.64,One year,Fiber optic,Credit card,1,No,No,0,Yes,Yes,No
C3641,62,34.87,2128.21,Two year,No,Mailed check,2,No,No,0,Yes,Yes,No
C2676,37,51.84,1844.33,Two year,Fiber optic,Mailed check,1,Yes,No,0,Yes,No,No
C3960,28,62.47,1769.44,Month-to-month,DSL,Bank transfer,2,No,Yes,0,Yes,No,Yes
C1772,16,59.05,907.62,Two year,No,Credit card,1,Yes,Yes,0,Yes,No,No
C1066,17,54.83,1001.86,Month-to-month,DSL,Credit card,4,No,Yes,0,Yes,No,No
C2950,3,88.84,,Month-to-month,DSL,Credit card,3,No,No,0,Yes,Yes,Yes
C3718,64,37.85,2480.93,One year,No,Mailed check,2,Yes,No,0,Yes,No,No
C2715,30,91.39,2700.46,Month-to-month,DSL,Bank transfer,0,No,No,0,No,No,No
C3420,62,100.01,6277.48,One year,DSL,Electronic check,0,No,No,0,Yes,No,No
C1234,6,45.78,224.09,One year,DSL,Electronic check,1,No,No,0,Yes,Yes,Yes
C1645,31,108.32,3355.89,Two year,DSL,Electronic check,0,Yes,No,1,Yes,Yes,No
C3465,51,48.97,2462.72,One year,No,Credit card,0,No,No,1,Yes,No,No
C3347,56,61.59,3452.48,One year,Fiber optic,Mailed check,2,No,Yes,0,Yes,Yes,No
C2666,45,66.43,3001.44,Month-to-month,Fiber optic,Bank transfer,0,No,No,0,No,Yes,Yes
C2822,5,50.67,247.75,One year,No,Bank transfer,4,No,No,0,Yes,No,Yes
C3077,2,48.53,53.94,Month-to-month,No,Mailed check,0,Yes,No,0,Yes,Yes,Yes
C2138,54,70.11,3767.05,Two year,Fiber optic,Mailed check,1,Yes,Yes,0,No,Yes,No
C1541,9,41.93,301.8,Two year,DSL,Credit card,0,No,No,0,No,No,No
C2313,58,82.05,4777.12,One year,Fiber optic,Bank transfer,2,No,No,0,Yes,Yes,No
C3909,20,100.78,1943.83,Month-to-month,Fiber optic,Credit card,0,Yes,Yes,0,No,Yes,No
C1200,27,56.17,1448.3,Month-to-month,DSL,Electronic check,0,No,Yes,0,Yes,Yes,No
C2963,18,81.19,1554.05,One year,Fiber optic,Electronic check,0,No,No,0,No,Yes,No
C2295,60,25.16,1456.15,One year,No,Credit card,1,No,No,0,No,Yes,No
C3361,56,36.42,2041.4,Month-to-month,DSL,Mailed check,3,No,Yes,0,No,No,Yes
C1306,51,56.12,2869.86,One year,Fiber optic,Mailed check,3,No,No,0,Yes,No,Yes
C2308,49,81.63,4004.51,Month-to-month,Fiber optic,Credit card,2,No,No,1,Yes,No,Yes
C1129,6,84.04,531.05,Two year,DSL,Bank transfer,2,No,No,0,No,No,No
C1395,15,115.42,1807.46,Month-to-month,DSL,Bank transfer,1,No,No,0,Yes,No,Yes
C3888,38,59.62,2314.88,Month-to-month,Fiber optic,Credit card,3,No,No,0,Yes,Yes,Yes
C2929,17,82.1,1363.64,Month-to-month,DSL,Credit card,0,Yes,No,0,No,Yes,No
C1326,53,43.19,2289.96,Month-to-month,Fiber optic,Credit card,0,No,No,1,No,No,No
C1191,68,60.9,4136.54,Two year,Fiber optic,Mailed check,2,No,No,0,No,Yes,No
C1722,17,64.26,1082.38,Month-to-month,DSL,Electronic check,0,No,No,0,No,Yes,No
C2854,47,41.11,1865.0,Month-to-month,DSL,Electronic check,2,No,No,0,Yes,Yes,No
C1307,38,92.77,3569.95,One year,No,Electronic check,2,Yes,No,0,Yes,No,No
C2064,30,69.16,1997.41,Month-to-month,Fiber optic,Credit card,2,No,Yes,0,No,Yes,Yes
C2397,61,63.37,3801.45,One year,DSL,Mailed check,0,No,No,0,No,No,No
C1495,71,65.81,4704.86,Month-to-month,Fiber optic,Bank transfer,2,No,Yes,0,Yes,Yes,No
C1384,64,64.66,4157.94,One year,DSL,Bank transfer,1,Yes,Yes,0,No,No,No
C1582,22,69.33,1512.78,Month-to-month,No,Credit card,0,No,Yes,0,No,Yes,No
C1397,67,61.39,4057.03,Month-to-month,No,Mailed check,2,No,No,0,No,Yes,Yes
C3946,14,42.39,638.7,Month-to-month,No,Mailed check,1,Yes,No,0,No,Yes,Yes
C2629,32,91.62,2938.7,Month-to-month,No,Electronic check,1,Yes,No,0,Yes,Yes,No
C1161,8,49.15,393.54,One year,DSL,Mailed check,1,No,No,0,No,No,No
C2334,56,50.8,2796.8,Month-to-month,Fiber optic,Credit card,3,No,No,0,No,No,Yes
C3736,65,66.27,4317.2,Two year,Fiber optic,Bank transfer,3,No,No,0,Yes,No,No
C2103,1,51.49,46.9,Two year,Fiber optic,Bank transfer,2,No,No,0,Yes,Yes,No
C1936,48,68.08,3338.85,Two year,DSL,Mailed check,0,No,No,1,Yes,Yes,No
C2039,3,72.71,210.76,One year,Fiber optic,Bank transfer,1,No,No,0,No,No,Yes
C2366,5,64.98,401.96,Month-to-month,DSL,Credit card,1,No,Yes,0,No,Yes,No
C2274,26,91.88,2313.8,Two year,Fiber optic,Bank transfer,4,No,No,0,No,No,Yes
C3761,16,106.22,1680.96,Month-to-month,Fiber optic,Electronic check,0,No,Yes,0,Yes,Yes,No
C2926,59,29.53,1777.56,Month-to-month,No,Mailed check,1,Yes,No,0,No,No,No
C2949,43,70.32,2948.06,Month-to-month,Fiber optic,Electronic check,1,No,No,0,Yes,Yes,No
C3068,18,106.24,2012.85,Month-to-month,DSL,Electronic check,3,No,Yes,0,No,No,Yes
C1569,55,70.37,3911.18,Month-to-month,Fiber optic,Bank transfer,0,No,No,0,No,Yes,No
C2159,12,70.39,860.0,One year,No,Mailed check,1,No,No,0,Yes,Yes,Yes
C2560,62,70.6,4375.53,One year,No,Mailed check,3,No,Yes,0,Yes,Yes,No
C2591,22,15.53,375.68,One year,No,Bank transfer,3,Yes,Yes,0,No,No,No
C2880,66,46.19,3077.66,Two year,DSL,Credit card,1,No,No,1,No,Yes,No
C3529,46,98.04,4576.41,Month-to-month,Fiber optic,Credit card,3,No,No,1,No,Yes,Yes
C3081,62,58.85,3632.93,Two year,DSL,Credit card,0,No,Yes,0,Yes,Yes,No
C1047,24,79.27,1837.51,Month-to-month,DSL,Mailed check,3,Yes,No,0,No,Yes,Yes
C1029,35,75.49,2571.1,Month-to-month,DSL,Credit card,1,Yes,No,0,No,No,Yes
C2595,24,79.52,1865.8,Month-to-month,DSL,Bank transfer,1,No,No,1,Yes,Yes,No
C2925,10,56.35,619.41,Month-to-month,Fiber optic,Bank transfer,3,Yes,No,0,No,No,Yes
C1501,30,45.58,1381.73,Two year,Fiber optic,Bank transfer,1,No,No,1,Yes,Yes,No
C2846,38,96.76,3694.92,Two year,Fiber optic,Credit card,2,No,No,0,Yes,Yes,Yes
C3501,8,82.76,693.62,Month-to-month,No,Credit card,0,No,Yes,1,Yes,Yes,Yes
C3767,53,62.14,3119.74,One year,Fiber optic,Credit card,3,No,No,0,No,No,Yes
C2185,53,92.62,4967.08,One year,Fiber optic,Credit card,0,No,No,0,No,No,Yes
C2268,42,59.45,2558.98,Two year,Fiber optic,Mailed check,0,Yes,No,1,Yes,Yes,No
C3558,6,65.67,405.91,Month-to-month,No,Credit card,1,No,Yes,0,Yes,Yes,Yes
C2856,8,40.62,372.29,One year,No,Electronic check,0,Yes,No,0,Yes,Yes,Yes
C2862,66,57.09,3771.86,One year,No,Electronic check,0,No,No,0,No,Yes,Yes
C2794,33,48.59,1637.01,Month-to-month,No,Credit card,3,No,No,0,Yes,Yes,No
C3660,2,64.28,216.33,Month-to-month,DSL,Credit card,0,No,No,0,Yes,Yes,No
C3549,42,29.5,1178.49,Two year,DSL,Mailed check,0,Yes,Yes,0,No,Yes,No
C1432,18,63.81,1167.38,One year,Fiber optic,Bank transfer,0,No,Yes,0,No,Yes,No
C3301,22,81.1,1882.5,Two year,No,Mailed check,0,No,No,0,Yes,No,No
C1996,62,15.0,934.12,Month-to-month,DSL,Bank transfer,3,No,Yes,0,Yes,No,Yes
C3867,70,39.19,2724.23,One year,Fiber optic,Bank transfer,0,Yes,No,0,No,No,No
C3803,71,86.69,6180.51,Month-to-month,Fiber optic,Electronic check,2,No,No,1,No,Yes,Yes
C1366,49,70.8,3545.27,Two year,Fiber optic,Bank transfer,0,No,No,0,Yes,No,No
C2076,9,90.71,775.04,One year,No,Credit card,2,No,Yes,0,No,Yes,Yes
C2078,32,74.26,2395.03,Month-to-month,Fiber optic,Mailed check,0,No,Yes,1,Yes,No,No
C1260,8,39.17,342.67,Month-to-month,No,Mailed check,1,Yes,No,0,Yes,No,No
C3346,9,53.97,464.01,One year,Fiber optic,Electronic check,2,No,Yes,0,Yes,Yes,Yes
C1556,6,45.82,334.82,One year,Fiber optic,Bank transfer,0,Yes,Yes,0,Yes,No,Yes
C3066,18,51.31,976.19,One year,No,Mailed check,0,No,Yes,0,Yes,Yes,No
C1572,42,60.47,2611.14,One year,Fiber optic,Bank transfer,1,Yes,No,0,Yes,No,No
C3925,5,48.4,347.06,Month-to-month,Fiber optic,Credit card,0,No,No,0,Yes,No,Yes
C3273,10,60.42,621.61,Two year,Fiber optic,Bank transfer,2,Yes,No,0,No,No,No
C1599,57,117.96,6701.11,One year,DSL,Mailed check,0,No,Yes,0,No,No,No
C3673,64,97.85,6266.52,One year,No,Bank transfer,3,Yes,No,0,Yes,Yes,No
C3041,18,55.47,1024.51,Month-to-month,Fiber optic,Electronic check,0,Yes,No,0,No,Yes,No
C1419,36,81.29,2954.24,Month-to-month,DSL,Electronic check,2,Yes,No,0,Yes,No,Yes
C3136,38,66.36,2555.32,One year,DSL,Electronic check,2,No,No,0,No,No,No
C2302,26,72.08,1935.2,Month-to-month,No,Electronic check,1,Yes,No,0,No,Yes,No
C2246,51,67.01,3306.85,One year,No,Bank transfer,1,Yes,No,0,Yes,No,No
C2232,14,72.32,1116.98,Month-to-month,DSL,Mailed check,0,No,Yes,0,No,No,Yes
C2448,2,41.87,180.92,One year,Fiber optic,Bank transfer,1,Yes,No,0,No,Yes,Yes
C3266,42,49.74,2177.76,Month-to-month,Fiber optic,Mailed check,0,Yes,Yes,0,No,Yes,Yes
C3355,23,69.23,1506.71,Two year,DSL,Credit card,0,Yes,No,0,Yes,No,No
C3204,26,86.71,2222.62,Month-to-month,DSL,Mailed check,1,Yes,No,1,Yes,Yes,Yes
C2812,40,67.59,2601.11,Month-to-month,DSL,Credit card,2,No,No,0,Yes,Yes,No
C3219,11,51.06,553.78,Month-to-month,DSL,Credit card,0,Yes,No,1,Yes,No,Yes
C2466,48,94.75,4620.18,One year,Fiber optic,Credit card,0,No,No,0,Yes,Yes,Yes
C1275,2,48.33,15.31,Two year,No,Credit card,0,No,No,0,No,No,No
C1705,46,81.21,,Month-to-month,No,Bank transfer,1,Yes,Yes,0,Yes,No,Yes
C3334,18,32.3,588.51,One year,No,Mailed check,2,No,No,0,No,Yes,Yes
C1453,31,62.63,1975.51,One year,Fiber optic,Bank transfer,0,Yes,No,1,Yes,Yes,No
C1113,5,48.74,251.85,Two year,No,Bank transfer,0,No,No,0,No,Yes,No
C1071,21,63.63,1374.25,Two year,DSL,Electronic check,0,No,No,1,Yes,Yes,No
C3028,62,68.45,4292.97,Two year,DSL,Bank transfer,2,No,No,1,No,Yes,No
C3130,40,38.43,1482.12,One year,DSL,Mailed check,0,Yes,Yes,0,No,Yes,No
C3948,40,43.56,1709.36,Month-to-month,Fiber optic,Mailed check,1,Yes,Yes,0,Yes,Yes,Yes
C3063,5,40.26,100.43,Month-to-month,Fiber optic,Mailed check,2,No,No,0,Yes,No,Yes
C2825,13,90.85,1265.39,Two year,No,Electronic check,0,Yes,Yes,1,Yes,No,No
C3583,2,44.24,112.99,One year,DSL,Electronic check,2,No,No,0,No,No,No
C3289,46,34.86,1626.98,Month-to-month,Fiber optic,Electronic check,0,No,Yes,1,No,Yes,Yes
C1918,61,66.35,3998.8,One year,DSL,Bank transfer,0,Yes,No,0,Yes,Yes,No
C1451,56,91.41,5142.94,Month-to-month,Fiber optic,Bank transfer,0,Yes,Yes,0,Yes,Yes,Yes
C3636,50,46.84,2360.2,Month-to-month,DSL,Electronic check,2,No,No,0,Yes,No,Yes
C3452,18,65.69,1106.25,One year,DSL,Mailed check,0,Yes,No,0,No,No,No
C2514,68,66.7,4571.43,One year,DSL,Bank transfer,1,No,Yes,0,No,Yes,No
C3392,59,85.2,5048.62,One year,No,Electronic check,3,No,No,1,No,Yes,No
C2565,56,80.83,4506.93,One year,No,Credit card,0,No,Yes,0,No,Yes,No
C1739,4,50.45,294.58,Month-to-month,No,Credit card,1,No,No,0,No,Yes,Yes
C3412,71,51.0,3585.64,Two year,Fiber optic,Electronic check,0,Yes,Yes,1,No,No,No
C2653,31,97.88,2998.93,Month-to-month,Fiber optic,Credit card,0,Yes,Yes,0,Yes,No,Yes
C1104,60,105.97,6336.85,Month-to-month,DSL,Bank transfer,0,No,Yes,0,No,No,No
C2857,18,39.03,599.6,Two year,DSL,Credit card,0,No,Yes,1,No,Yes,No
C3833,23,98.26,2193.29,Month-to-month,DSL,Mailed check,0,Yes,Yes,0,Yes,No,No
C3900,29,67.32,1899.61,Month-to-month,DSL,Credit card,1,No,No,0,No,Yes,No
C3734,27,50.23,1319.23,Month-to-month,DSL,Mailed check,1,No,Yes,0,Yes,No,No
C1241,38,91.52,3451.12,Month-to-month,No,Bank transfer,0,Yes,No,0,Yes,Yes,Yes
C3478,60,34.3,2121.66,Month-to-month,No,Credit card,0,No,Yes,0,Yes,Yes,No
C2988,42,57.1,2337.79,Two year,DSL,Bank transfer,0,Yes,No,0,No,No,No
C2569,26,72.67,1886.08,Month-to-month,No,Credit card,0,No,No,0,No,No,No
C2619,45,46.99,2135.99,Month-to-month,Fiber optic,Electronic check,0,Yes,No,0,No,No,Yes
C1096,42,48.31,2083.08,Two year,DSL,Credit card,0,No,No,0,No,Yes,No
C3515,52,26.2,1328.28,Month-to-month,DSL,Bank transfer,1,No,Yes,0,Yes,No,No
C2190,66,29.1,1869.47,One year,No,Electronic check,1,Yes,No,0,Yes,Yes,No
C1084,30,79.06,2328.49,One year,DSL,Mailed check,1,Yes,No,0,No,No,No
C2718,25,69.16,1705.59,Month-to-month,DSL,Electronic check,0,Yes,Yes,0,No,Yes,Yes
C1009,9,51.37,500.99,One year,No,Credit card,2,No,No,0,Yes,No,No
C1878,66,67.7,4389.15,One year,DSL,Bank transfer,0,No,No,0,Yes,Yes,No
C2339,41,44.55,1779.45,One year,No,Mailed check,0,No,No,0,No,Yes,Yes
C1773,46,66.54,3028.29,One year,DSL,Credit card,1,No,Yes,0,Yes,Yes,No
C2385,39,83.13,3298.76,Month-to-month,DSL,Credit card,1,Yes,Yes,0,Yes,No,No
C1276,38,84.76,3275.36,Month-to-month,Fiber optic,Electronic check,0,Yes,Yes,0,Yes,Yes,Yes
C2408,38,92.95,3509.93,Month-to-month,No,Bank transfer,0,No,No,1,No,No,Yes
C2592,3,53.47,62.3,Two year,Fiber optic,Electronic check,1,No,Yes,0,Yes,No,No
C2372,48,75.81,3610.55,Two year,Fiber optic,Electronic check,0,Yes,No,0,Yes,Yes,No
C1088,55,74.14,4075.07,One year,Fiber optic,Credit card,0,No,Yes,0,Yes,Yes,Yes
C1090,71,67.36,4761.61,One year,No,Credit card,2,Yes,No,0,Yes,Yes,No
C1280,51,92.72,4660.62,Two year,Fiber optic,Credit card,0,Yes,No,1,Yes,Yes,No
C2906,26,87.93,2340.93,Month-to-month,DSL,Bank transfer,0,No,Yes,0,Yes,Yes,Yes
C2484,10,63.47,692.34,Month-to-month,No,Electronic check,0,No,Yes,0,No,Yes,Yes
C2823,60,56.76,3338.12,Month-to-month,No,Bank transfer,4,No,No,0,Yes,Yes,No
C2324,22,65.75,1400.2,Month-to-month,Fiber optic,Bank transfer,1,No,No,0,No,Yes,Yes
C2426,8,54.06,394.95,Two year,Fiber optic,Credit card,1,Yes,No,0,Yes,Yes,Yes
C1992,9,79.52,769.45,Two year,Fiber optic,Credit card,2,Yes,No,0,Yes,No,No
C1365,32,72.79,2400.63,Month-to-month,DSL,Credit card,1,No,No,0,Yes,Yes,No
C3071,43,34.9,1522.3,Two year,Fiber optic,Credit card,0,Yes,Yes,0,No,No,No
C1676,17,90.83,1530.45,Month-to-month,DSL,Bank transfer,2,No,No,0,Yes,No,No
C3026,70,56.17,3981.96,Two year,Fiber optic,Electronic check,0,Yes,Yes,0,Yes,No,No
C1998,44,70.8,3179.34,Month-to-month,No,Bank transfer,0,No,No,0,Yes,Yes,Yes
C2189,33,47.88,1595.77,Month-to-month,No,Electronic check,0,No,Yes,0,Yes,Yes,No
C3358,49,76.28,3783.7,One year,Fiber optic,Mailed check,1,No,Yes,0,Yes,No,Yes
C2759,66,51.55,3389.36,Month-to-month,Fiber optic,Bank transfer,2,Yes,No,1,Yes,Yes,No
C3288,37,73.99,2669.49,One year,No,Bank transfer,1,Yes,Yes,0,Yes,Yes,No
C2342,37,54.49,2068.36,Two year,DSL,Electronic check,4,No,No,0,No,No,No
C1094,70,51.44,3582.83,Two year,No,Mailed check,1,No,Yes,0,Yes,Yes,No
C2286,63,85.97,5427.92,Month-to-month,Fiber optic,Bank transfer,4,Yes,Yes,1,No,Yes,Yes
C3146,21,92.94,2018.55,Two year,Fiber optic,Electronic check,1,No,Yes,0,Yes,Yes,No
C1167,10,41.52,447.02,Month-to-month,No,Bank transfer,1,No,No,0,Yes,Yes,Yes
C1496,8,78.19,620.83,Month-to-month,Fiber optic,Bank transfer,0,No,No,0,Yes,No,Yes
C2749,49,59.36,2976.6,One year,DSL,Bank transfer,1,No,No,0,No,Yes,No
C3323,43,69.56,3018.16,Month-to-month,No,Mailed check,1,Yes,Yes,0,No,No,Yes
C1714,45,62.14,2835.47,Month-to-month,Fiber optic,Bank transfer,2,Yes,Yes,0,Yes,Yes,Yes
C2539,35,79.3,2826.9,Two year,Fiber optic,Mailed check,5,Yes,No,0,Yes,No,No
C1331,31,65.54,2001.44,Month-to-month,Fiber optic,Electronic check,1,No,Yes,0,No,Yes,No
C1219,19,34.01,651.41,Month-to-month,No,Bank transfer,0,No,No,0,Yes,No,Yes
C3481,10,113.43,1229.67,Month-to-month,DSL,Bank transfer,1,No,No,1,No,Yes,Yes
C3950,22,59.75,1328.25,Month-to-month,DSL,Bank transfer,2,No,No,0,Yes,No,Yes
C3784,67,85.99,5906.7,Month-to-month,No,Credit card,1,Yes,No,0,No,Yes,No
C3534,65,33.13,2213.2,One year,Fiber optic,Bank transfer,1,No,Yes,0,No,No,No
C2537,54,75.91,4057.48,Month-to-month,Fiber optic,Bank transfer,4,No,No,0,Yes,Yes,Yes
C1531,55,89.2,4882.39,Month-to-month,DSL,Credit card,0,Yes,No,0,Yes,Yes,No
C2864,2,88.35,141.32,One year,Fiber optic,Bank transfer,2,Yes,No,0,Yes,Yes,Yes
C3809,38,80.36,3071.57,Month-to-month,DSL,Credit card,1,No,No,0,Yes,No,Yes
C3308,15,40.83,625.62,Month-to-month,No,Bank transfer,3,Yes,Yes,0,Yes,No,No
C2980,41,88.7,3651.48,Month-to-month,DSL,Bank transfer,0,Yes,Yes,0,Yes,Yes,No
C1305,20,53.06,1111.7,Two year,No,Electronic check,2,No,Yes,0,No,Yes,No
C2649,6,103.26,608.67,One year,DSL,Electronic check,2,Yes,No,0,No,Yes,No
C1196,69,83.16,5697.71,Two year,Fiber optic,Electronic check,0,Yes,Yes,0,Yes,Yes,No
C2164,10,51.17,519.98,Month-to-month,DSL,Electronic check,1,Yes,No,0,No,Yes,Yes
C2618,53,63.34,3350.83,One year,Fiber optic,Electronic check,2,No,No,0,No,No,No
C2146,30,62.73,1902.97,One year,DSL,Mailed check,2,No,No,0,Yes,No,No
C1494,17,45.26,778.95,Month-to-month,Fiber optic,Bank transfer,1,Yes,No,0,Yes,Yes,No
C1110,48,71.58,,Month-to-month,Fiber optic,Electronic check,1,No,No,0,Yes,Yes,No
C2108,56,36.36,2083.1,Month-to-month,DSL,Mailed check,2,No,No,1,Yes,No,No
C2269,57,46.22,2580.16,Month-to-month,Fiber optic,Credit card,0,No,No,0,No,No,Yes
C3561,1,40.75,0.0,Month-to-month,Fiber optic,Electronic check,0,No,No,0,No,Yes,Yes
C1369,60,61.9,3714.34,Month-to-month,Fiber optic,Credit card,1,No,No,1,Yes,No,No
C1793,15,58.17,937.21,Two year,Fiber optic,Electronic check,0,Yes,No,1,Yes,No,No
C1926,40,89.53,3619.65,Month-to-month,Fiber optic,Bank transfer,1,No,No,1,No,Yes,No
C3321,23,75.89,1771.18,Month-to-month,DSL,Bank transfer,1,Yes,Yes,0,Yes,Yes,No
C2815,47,39.34,1810.1,One year,DSL,Electronic check,7,No,No,0,Yes,Yes,No
C1396,47,74.9,3558.51,Month-to-month,Fiber optic,Credit card,3,No,No,0,Yes,Yes,No
C2178,47,63.26,2978.02,One year,Fiber optic,Electronic check,2,Yes,No,0,No,Yes,Yes
C2215,38,85.93,3244.6,Month-to-month,DSL,Mailed check,0,No,No,0,No,Yes,No
C1797,39,48.55,1831.91,Two year,Fiber optic,Mailed check,2,Yes,No,0,Yes,No,No
C2298,36,48.73,1787.1,Two year,DSL,Electronic check,1,No,Yes,0,Yes,No,No
C2062,30,66.79,2041.82,Month-to-month,Fiber optic,Bank transfer,3,No,Yes,0,No,Yes,No
C1418,28,43.89,1185.11,Month-to-month,Fiber optic,Electronic check,0,No,No,0,Yes,Yes,Yes
C1375,66,57.96,3744.11,One year,DSL,Credit card,1,Yes,No,0,No,No,No
C3511,13,42.39,528.92,Month-to-month,Fiber optic,Credit card,0,Yes,No,0,Yes,Yes,Yes
C1470,48,25.22,1164.57,Two year,No,Credit card,1,No,No,0,Yes,Yes,No
C2541,66,76.9,5028.3,Month-to-month,DSL,Bank transfer,1,No,Yes,1,No,No,No
C3607,24,73.65,1725.95,One year,DSL,Credit card,2,Yes,Yes,0,No,No,No
C3350,70,109.38,7748.11,Month-to-month,Fiber optic,Credit card,2,No,No,1,Yes,No,No
C3630,68,58.63,4052.62,Month-to-month,Fiber optic,Mailed check,1,No,No,1,No,Yes,Yes
C3979,50,100.38,5057.44,Month-to-month,DSL,Bank transfer,0,No,Yes,0,No,Yes,No
C2761,20,42.84,756.87,Month-to-month,DSL,Mailed check,1,No,Yes,1,Yes,Yes,Yes
C1798,63,74.86,4650.98,Two year,Fiber optic,Mailed check,2,No,Yes,0,Yes,No,No
C3059,39,60.35,2347.8,Month-to-month,DSL,Mailed check,2,No,Yes,0,Yes,No,No
C2486,31,72.35,2273.42,Month-to-month,No,Electronic check,1,Yes,No,0,No,No,Yes
C1538,21,63.42,1314.95,One year,No,Credit card,1,No,No,0,No,Yes,No
C3675,30,45.64,1405.83,Two year,Fiber optic,Credit card,2,Yes,No,0,Yes,No,No
C3329,49,62.46,3111.73,Month-to-month,Fiber optic,Bank transfer,1,No,No,0,No,Yes,Yes
C1983,67,93.8,6244.65,Month-to-month,No,Bank transfer,0,No,No,0,Yes,Yes,Yes
C1480,5,64.56,308.9,Month-to-month,Fiber optic,Mailed check,0,No,No,0,Yes,No,Yes
C2479,39,51.84,1846.56,Month-to-month,Fiber optic,Mailed check,0,No,Yes,0,Yes,Yes,Yes
C1223,71,43.94,3253.69,Month-to-month,Fiber optic,Electronic check,1,No,No,0,No,No,Yes
C1672,57,43.18,2531.56,Month-to-month,DSL,Bank transfer,1,No,No,0,No,Yes,Yes
C2393,55,76.08,4193.94,Two year,DSL,Mailed check,0,No,No,0,No,Yes,No
C3998,39,64.45,2524.22,One year,No,Credit card,1,No,No,0,No,Yes,No
C1994,71,61.28,4413.11,Month-to-month,DSL,Credit card,2,No,No,0,No,No,No
C1580,13,71.54,913.23,Two year,DSL,Electronic check,0,No,No,0,No,No,No
C2045,48,101.72,4837.1,Month-to-month,No,Bank transfer,0,No,No,1,No,Yes,Yes
C1077,5,67.84,287.34,Month-to-month,DSL,Credit card,1,Yes,No,0,Yes,No,Yes
C3595,41,81.91,3403.83,Month-to-month,Fiber optic,Mailed check,0,Yes,No,0,Yes,Yes,Yes
C3887,36,29.13,990.62,Month-to-month,Fiber optic,Electronic check,0,No,No,1,Yes,No,Yes
C2758,69,84.51,5857.12,One year,Fiber optic,Electronic check,0,Yes,Yes,0,Yes,No,No
C1826,20,44.05,820.75,Two year,DSL,Mailed check,3,No,Yes,0,Yes,Yes,No
C1125,60,61.76,3648.94,Two year,No,Electronic check,1,Yes,No,0,No,No,No
C2252,59,54.28,3169.09,Month-to-month,DSL,Mailed check,0,No,Yes,0,Yes,Yes,No
C2960,25,73.47,1843.41,One year,Fiber optic,Electronic check,5,Yes,Yes,0,No,Yes,No
C3836,60,48.86,2949.69,Two year,No,Bank transfer,3,Yes,Yes,0,No,No,No
C2596,9,103.22,,Month-to-month,DSL,Mailed check,1,No,No,0,No,Yes,No
C1576,19,69.94,1273.52,Month-to-month,Fiber optic,Mailed check,0,No,No,0,Yes,No,No
C2575,43,98.29,4280.13,Month-to-month,No,Mailed check,0,No,No,0,No,No,Yes
C1621,45,77.64,3464.71,Month-to-month,Fiber optic,Bank transfer,2,Yes,No,0,Yes,No,Yes
C1767,69,60.25,4134.55,Month-to-month,Fiber optic,Electronic check,2,Yes,No,0,Yes,No,Yes
C2229,28,54.77,1557.26,Month-to-month,DSL,Credit card,1,No,Yes,0,No,No,No
C2340,30,44.98,1272.96,Month-to-month,DSL,Electronic check,2,No,No,1,No,No,Yes
C1659,18,65.88,1257.71,Month-to-month,DSL,Mailed check,2,No,Yes,0,No,Yes,No
C3865,65,63.24,4093.47,Month-to-month,DSL,Credit card,2,No,Yes,0,Yes,Yes,No
C3901,65,50.08,3253.84,Month-to-month,DSL,Electronic check,2,No,No,0,Yes,Yes,No
C2517,38,70.07,2683.52,One year,DSL,Mailed check,2,Yes,No,0,Yes,Yes,No
C3770,47,70.17,3316.44,One year,DSL,Electronic check,0,No,No,0,Yes,Yes,Yes
C3987,47,90.01,4234.62,Month-to-month,Fiber optic,Credit card,0,Yes,No,1,No,Yes,Yes
C3797,4,79.41,338.76,Month-to-month,DSL,Bank transfer,0,Yes,Yes,0,Yes,No,Yes
C1259,54,62.45,3316.63,Two year,Fiber optic,Mailed check,2,No,No,0,Yes,Yes,No
C1282,9,37.75,,One year,DSL,Mailed check,1,No,Yes,0,Yes,Yes,No
C3682,67,58.96,3866.16,Month-to-month,DSL,Mailed check,0,No,No,0,No,Yes,Yes
C2614,3,51.75,175.52,Month-to-month,Fiber optic,Credit card,1,No,No,0,No,No,Yes
C2184,64,62.58,4088.32,Month-to-month,DSL,Electronic check,1,Yes,No,0,No,Yes,No
C2973,47,49.28,2280.5,One year,No,Mailed check,1,No,Yes,0,Yes,No,No
C3522,49,63.59,3011.28,Month-to-month,Fiber optic,Electronic check,1,Yes,Yes,0,No,Yes,No
C1455,47,54.59,2560.83,Month-to-month,No,Electronic check,1,No,No,1,No,Yes,Yes
C3368,35,41.69,1523.28,Month-to-month,No,Bank transfer,2,Yes,No,0,No,Yes,Yes
C1434,5,83.38,419.12,Month-to-month,DSL,Mailed check,1,No,No,0,No,Yes,No
C1299,70,94.32,,One year,DSL,Electronic check,1,No,Yes,0,Yes,No,No
C2762,28,70.83,1984.24,Two year,DSL,Bank transfer,1,Yes,No,0,No,Yes,No
C3484,53,91.29,4849.21,Two year,Fiber optic,Credit card,1,No,No,0,Yes,Yes,No
C3877,32,34.99,1172.27,One year,Fiber optic,Mailed check,0,Yes,Yes,0,Yes,Yes,No
C2932,24,60.37,1465.85,Two year,DSL,Bank transfer,2,No,No,0,No,No,No
C1438,70,41.19,2935.12,Month-to-month,No,Electronic check,3,No,No,0,Yes,Yes,Yes
C3373,49,63.63,3190.3,Two year,DSL,Bank transfer,0,Yes,Yes,0,No,No,No
C3024,52,99.69,5118.69,Two year,No,Credit card,0,Yes,Yes,0,No,No,No
C3451,24,46.53,1087.62,Month-to-month,Fiber optic,Bank transfer,0,No,No,1,Yes,No,Yes
C3612,19,33.35,,Month-to-month,No,Bank transfer,0,Yes,Yes,1,No,Yes,No
C2626,68,62.07,4183.86,One year,Fiber optic,Bank transfer,2,No,Yes,0,Yes,Yes,No
C1292,54,51.91,2755.01,Month-to-month,DSL,Bank transfer,0,Yes,No,0,No,Yes,No
C2837,54,70.47,3825.04,Month-to-month,Fiber optic,Credit card,1,Yes,Yes,1,Yes,Yes,No
C1278,55,57.39,3107.2,Two year,Fiber optic,Electronic check,3,Yes,Yes,0,No,No,No
C1655,5,93.99,515.61,Month-to-month,DSL,Mailed check,1,Yes,No,0,Yes,Yes,Yes
C2058,48,58.32,2810.82,One year,DSL,Electronic check,3,No,Yes,1,Yes,Yes,No
C1732,69,74.01,5059.03,Month-to-month,Fiber optic,Credit card,2,No,Yes,0,No,Yes,Yes
C1553,67,91.47,6129.61,One year,DSL,Bank transfer,0,Yes,No,0,No,No,No
C3142,12,71.38,876.4,One year,Fiber optic,Bank transfer,5,Yes,Yes,0,No,No,No
C3927,43,79.82,3346.24,Two year,Fiber optic,Credit card,2,No,No,0,Yes,Yes,No
C2900,4,87.4,321.07,Month-to-month,No,Electronic check,0,No,Yes,0,Yes,Yes,Yes
C3293,43,89.9,3888.08,One year,Fiber optic,Credit card,0,No,No,0,Yes,No,No
C2191,37,63.99,2377.77,Month-to-month,Fiber optic,Bank transfer,0,No,Yes,0,Yes,Yes,No
C2526,16,51.48,792.7,Month-to-month,DSL,Credit card,0,No,No,0,Yes,Yes,No
C2995,68,47.31,3203.42,Two year,DSL,Mailed check,0,No,No,0,No,No,No
C2356,67,43.22,2871.93,Month-to-month,Fiber optic,Bank transfer,1,No,No,0,No,Yes,Yes
C2694,42,92.61,3933.99,Month-to-month,Fiber optic,Credit card,0,No,Yes,0,Yes,Yes,No
C1775,3,77.85,267.59,One year,Fiber optic,Bank transfer,2,Yes,No,0,No,Yes,No
C1426,47,41.36,1982.78,Month-to-month,DSL,Electronic check,3,Yes,No,0,Yes,No,Yes
C2786,48,55.06,2625.71,Month-to-month,DSL,Credit card,1,Yes,Yes,1,No,Yes,No
C2186,15,54.01,797.22,One year,No,Credit card,4,No,No,0,Yes,Yes,Yes
C3197,23,75.04,1746.96,Month-to-month,DSL,Bank transfer,1,Yes,No,0,Yes,Yes,Yes
C3274,70,49.53,3487.84,Two year,Fiber optic,Electronic check,4,No,No,0,Yes,No,No
C1865,68,58.06,3968.43,Month-to-month,Fiber optic,Bank transfer,2,Yes,Yes,0,Yes,No,No
C2709,30,44.92,1374.74,Two year,DSL,Electronic check,1,No,No,0,Yes,No,No
C2792,12,66.1,726.43,Month-to-month,No,Electronic check,0,No,No,0,No,No,Yes
C2245,31,62.95,1985.04,Two year,No,Credit card,1,Yes,No,0,No,Yes,No
C1900,41,82.29,3285.92,Month-to-month,Fiber optic,Bank transfer,1,No,Yes,0,No,Yes,Yes
C3747,59,52.89,,Two year,Fiber optic,Mailed check,1,No,No,0,No,Yes,Yes
C2528,18,84.63,1582.13,Two year,DSL,Electronic check,1,Yes,No,0,No,Yes,No
C1601,67,57.38,3834.54,Month-to-month,DSL,Mailed check,2,No,No,0,Yes,Yes,No
C2291,20,90.6,1903.21,Month-to-month,Fiber optic,Credit card,1,No,No,0,Yes,Yes,Yes
C1217,51,92.3,4791.86,Month-to-month,Fiber optic,Credit card,2,Yes,No,1,Yes,Yes,No
C3268,14,58.57,766.77,Month-to-month,Fiber optic,Bank transfer,0,No,Yes,1,No,Yes,Yes
C1213,50,66.53,3349.44,One year,DSL,Credit card,2,Yes,No,0,No,Yes,No
C1035,49,40.3,2020.24,Month-to-month,DSL,Credit card,2,No,No,0,No,No,Yes
C3442,64,54.97,3454.93,Two year,DSL,Bank transfer,3,Yes,No,0,Yes,Yes,No
C1367,41,68.21,2829.35,Two year,DSL,Electronic check,0,No,No,0,No,Yes,No
C1012,49,43.04,2051.02,Two year,Fiber optic,Bank transfer,2,Yes,No,1,Yes,Yes,No
C1476,46,40.01,1934.74,One year,DSL,Bank transfer,1,No,No,0,No,No,No
C2720,57,41.93,2394.32,Two year,DSL,Electronic check,2,No,Yes,0,Yes,Yes,No
C3282,54,43.84,2303.07,Two year,Fiber optic,Mailed check,1,Yes,No,0,No,Yes,No
C3743,62,76.58,4677.65,Month-to-month,DSL,Electronic check,0,No,No,1,Yes,No,No
C2084,49,72.16,3498.55,Month-to-month,DSL,Electronic check,1,No,Yes,0,Yes,No,No
C3917,16,50.89,840.71,Month-to-month,DSL,Bank transfer,2,Yes,No,0,Yes,No,No
C2632,5,117.26,614.74,Two year,Fiber optic,Credit card,3,Yes,No,1,Yes,Yes,Yes
C1013,8,59.41,475.46,Two year,No,Credit card,0,No,No,0,Yes,Yes,No
C3111,62,64.41,4005.74,Month-to-month,Fiber optic,Credit card,1,No,No,0,Yes,Yes,No
C3782,40,48.11,1910.77,One year,Fiber optic,Mailed check,3,Yes,Yes,0,Yes,Yes,No
C2023,24,85.04,2019.07,One year,Fiber optic,Bank transfer,3,Yes,No,0,Yes,Yes,No
C1964,70,28.56,2009.38,Month-to-month,Fiber optic,Electronic check,0,Yes,No,0,Yes,Yes,No
C1607,70,60.41,4178.45,Month-to-month,No,Mailed check,1,Yes,No,0,Yes,No,Yes
C3061,4,20.5,129.58,Month-to-month,No,Mailed check,1,Yes,Yes,0,No,No,Yes
C1435,59,76.08,4570.14,Month-to-month,Fiber optic,Mailed check,1,Yes,No,0,No,No,Yes
C1017,7,107.91,745.49,Month-to-month,No,Electronic check,0,No,Yes,0,Yes,Yes,Yes
C3812,4,39.87,197.01,Two year,DSL,Credit card,0,No,No,1,Yes,No,Yes
C2782,33,45.37,1575.55,Month-to-month,DSL,Bank transfer,2,Yes,No,0,No,No,No
C2803,11,60.66,712.86,Two year,DSL,Credit card,0,Yes,Yes,0,Yes,Yes,No
C3396,60,53.58,3209.65,Month-to-month,Fiber optic,Electronic check,2,Yes,No,0,Yes,Yes,Yes
C3255,68,60.12,4114.18,Month-to-month,DSL,Credit card,0,Yes,No,0,Yes,Yes,Yes
C2114,66,67.22,4436.55,Month-to-month,DSL,Bank transfer,1,Yes,No,0,Yes,Yes,No
C3389,16,65.26,1082.13,Month-to-month,DSL,Mailed check,3,No,Yes,0,Yes,Yes,No
C2953,54,34.81,1883.86,One year,Fiber optic,Credit card,2,Yes,Yes,0,No,Yes,No
C1344,61,46.24,2845.82,Two year,No,Bank transfer,3,Yes,No,0,No,Yes,No
C3856,48,69.5,3355.86,Month-to-month,Fiber optic,Credit card,0,No,Yes,0,No,Yes,Yes
C3599,6,67.11,339.47,Two year,DSL,Credit card,1,Yes,No,1,Yes,No,No
C3646,70,23.46,1674.12,Two year,DSL,Bank transfer,2,Yes,Yes,1,Yes,No,No
C2717,57,81.0,4728.26,Two year,Fiber optic,Mailed check,0,Yes,No,0,Yes,Yes,No
C1032,5,70.15,357.05,Month-to-month,Fiber optic,Bank transfer,1,Yes,Yes,0,Yes,No,Yes
C1372,8,47.11,406.09,Month-to-month,No,Bank transfer,0,Yes,Yes,0,No,Yes,No
C1657,48,81.35,3977.73,Month-to-month,Fiber optic,Electronic check,1,Yes,No,0,Yes,No,Yes
C3220,58,36.77,2160.92,Month-to-month,Fiber optic,Credit card,1,Yes,Yes,0,Yes,Yes,No
C2086,50,57.96,2877.04,One year,DSL,Credit card,1,Yes,No,0,Yes,Yes,No
C3456,43,52.75,2232.79,Month-to-month,Fiber optic,Electronic check,0,No,Yes,0,Yes,Yes,Yes
C3942,68,82.8,5704.63,One year,DSL,Electronic check,0,Yes,No,0,Yes,Yes,No
C3248,66,57.62,3716.92,Two year,Fiber optic,Bank transfer,0,Yes,No,0,No,Yes,No
C2316,59,85.44,5012.67,One year,No,Electronic check,0,No,No,0,No,Yes,No
C1860,4,86.43,323.36,Two year,DSL,Credit card,2,No,Yes,0,No,No,No
C2607,53,57.03,,One year,DSL,Mailed check,3,No,No,0,No,No,No
C1044,65,90.29,5846.59,One year,Fiber optic,Mailed check,3,No,Yes,0,No,No,No
C2534,29,38.76,1012.62,Month-to-month,DSL,Mailed check,1,No,No,0,Yes,Yes,Yes
C3891,35,47.25,1672.71,Two year,No,Bank transfer,1,No,No,0,No,Yes,No
C3984,44,47.41,2135.85,Two year,DSL,Electronic check,1,No,No,0,Yes,No,No
C1489,11,81.62,868.78,Month-to-month,DSL,Electronic check,1,No,Yes,0,No,No,Yes
C1503,25,82.18,2140.25,Month-to-month,Fiber optic,Bank transfer,0,No,No,0,No,No,No
C3260,58,68.7,3965.39,Month-to-month,DSL,Electronic check,0,Yes,No,1,Yes,No,No
C1133,46,107.52,5009.04,Month-to-month,DSL,Mailed check,1,No,No,1,Yes,Yes,Yes
C3108,61,26.04,1604.47,Two year,Fiber optic,Electronic check,0,No,Yes,0,No,No,No
C1690,2,24.24,92.18,Month-to-month,No,Mailed check,0,No,Yes,1,Yes,No,Yes
C3074,52,38.31,1990.99,Two year,Fiber optic,Electronic check,1,No,No,0,No,Yes,No
C3148,50,70.54,3518.77,Month-to-month,DSL,Credit card,1,No,No,0,Yes,No,No
C1974,20,56.46,1105.5,Month-to-month,Fiber optic,Electronic check,2,No,No,0,No,Yes,Yes
C2028,4,46.9,209.92,One year,No,Bank transfer,2,No,No,1,Yes,No,No
C1776,22,56.96,1311.93,One year,Fiber optic,Electronic check,0,No,No,0,Yes,No,No
C1788,23,52.4,1177.56,Month-to-month,Fiber optic,Electronic check,2,Yes,No,0,Yes,Yes,Yes
C3568,49,64.71,3133.58,Month-to-month,Fiber optic,Credit card,0,Yes,No,0,No,Yes,Yes
C1363,45,38.11,1662.24,Month-to-month,Fiber optic,Bank transfer,1,No,No,0,No,Yes,Yes
C3357,61,76.0,4685.12,Month-to-month,DSL,Mailed check,0,No,No,0,Yes,Yes,No
C1795,29,62.32,1827.42,Month-to-month,DSL,Credit card,3,Yes,No,0,Yes,Yes,Yes
C2936,4,77.71,325.88,Two year,DSL,Bank transfer,1,Yes,Yes,0,No,Yes,No
C3876,44,82.53,3633.68,Two year,No,Bank transfer,1,No,Yes,1,Yes,No,No
C2628,63,67.2,4297.25,Month-to-month,Fiber optic,Mailed check,1,No,No,0,No,Yes,No
C2276,67,43.01,2911.77,Two year,Fiber optic,Electronic check,1,Yes,Yes,0,No,Yes,No
C3592,62,91.36,5695.28,Month-to-month,No,Electronic check,0,No,No,0,No,No,Yes
C1939,47,41.8,2020.24,Month-to-month,Fiber optic,Mailed check,1,No,No,0,No,Yes,Yes
C2505,57,46.96,2697.56,Month-to-month,Fiber optic,Bank transfer,0,No,No,0,Yes,Yes,Yes
C3489,30,85.66,2528.35,Month-to-month,No,Mailed check,1,No,No,0,Yes,Yes,No
C1647,21,39.95,785.77,Month-to-month,Fiber optic,Credit card,2,No,No,1,No,No,No
C2003,3,93.68,277.17,Month-to-month,DSL,Mailed check,0,No,No,0,No,Yes,No
C3524,54,64.93,3558.17,Two year,Fiber optic,Electronic check,1,No,Yes,0,Yes,Yes,No
C3110,33,90.86,3004.72,Two year,Fiber optic,Credit card,0,Yes,Yes,0,No,Yes,No
C2172,17,78.56,1312.53,One year,Fiber optic,Mailed check,3,No,No,0,Yes,Yes,No
C1483,3,119.78,469.95,Month-to-month,DSL,Electronic check,2,Yes,No,0,No,No,Yes
C2810,59,33.77,1993.12,Month-to-month,No,Bank transfer,1,No,No,0,No,Yes,Yes
C1052,28,59.6,1632.16,One year,Fiber optic,Credit card,0,No,No,0,Yes,Yes,Yes
C1242,47,69.31,3252.88,Two year,Fiber optic,Mailed check,2,No,No,1,No,No,No
C3083,35,35.13,1266.58,Month-to-month,Fiber optic,Mailed check,3,No,No,0,No,Yes,Yes
C2985,8,70.84,621.13,Month-to-month,Fiber optic,Bank transfer,2,No,No,0,Yes,No,Yes
C2202,12,64.49,678.43,One year,DSL,Electronic check,1,No,No,0,Yes,Yes,No
C1738,69,58.96,4108.05,Month-to-month,DSL,Bank transfer,1,Yes,No,0,No,Yes,Yes
C3168,69,50.68,3445.31,Month-to-month,DSL,Bank transfer,1,Yes,No,1,No,Yes,No
C2299,23,87.11,1898.34,Month-to-month,Fiber optic,Credit card,3,Yes,Yes,0,Yes,No,No
C2019,33,56.34,1863.45,One year,Fiber optic,Credit card,1,No,Yes,0,Yes,Yes,No
C3092,26,107.06,2863.67,Month-to-month,No,Credit card,0,No,No,0,No,No,No
C1836,32,43.71,1345.88,Two year,No,Bank transfer,1,Yes,Yes,0,No,No,No
C3124,15,84.74,1356.59,Month-to-month,Fiber optic,Credit card,1,Yes,No,0,No,Yes,No
C2744,61,44.97,2711.31,Month-to-month,Fiber optic,Bank transfer,2,No,No,0,No,No,Yes
C1368,22,68.88,1513.32,Month-to-month,Fiber optic,Bank transfer,2,No,No,1,No,Yes,No
C1267,19,69.52,1249.47,Month-to-month,Fiber optic,Mailed check,2,Yes,No,1,Yes,No,No
C1728,54,56.71,2943.25,One year,DSL,Bank transfer,3,Yes,Yes,0,No,No,No
C3492,59,87.95,5156.33,One year,No,Electronic check,2,No,No,0,Yes,Yes,No
C3551,23,43.08,949.02,Month-to-month,DSL,Credit card,0,Yes,Yes,0,No,No,Yes
C2519,32,76.49,2492.31,Month-to-month,DSL,Mailed check,1,No,No,0,Yes,No,No
C2033,1,44.1,122.26,One year,Fiber optic,Electronic check,0,No,No,1,Yes,Yes,Yes
C2712,47,88.05,4094.89,Month-to-month,No,Bank transfer,1,Yes,Yes,0,Yes,Yes,No
C3333,60,76.64,4614.24,One year,Fiber optic,Credit card,0,Yes,No,0,Yes,Yes,Yes
C1295,37,47.26,1605.79,Month-to-month,Fiber optic,Bank transfer,1,No,No,1,Yes,Yes,Yes
C2848,33,70.37,2360.41,Month-to-month,Fiber optic,Bank transfer,0,Yes,No,0,Yes,No,No
C1625,32,16.23,358.08,Month-to-month,DSL,Bank transfer,2,Yes,No,0,No,Yes,Yes
C1277,38,87.8,3360.49,Month-to-month,DSL,Bank transfer,0,No,Yes,1,Yes,No,Yes
C1497,17,119.36,2066.77,One year,Fiber optic,Mailed check,1,No,Yes,0,No,Yes,Yes
C1484,48,57.17,2762.33,Month-to-month,No,Mailed check,2,No,No,0,Yes,Yes,No
C2520,56,74.38,,Month-to-month,Fiber optic,Mailed check,1,No,No,0,Yes,No,Yes
C1182,62,62.65,3858.38,Month-to-month,Fiber optic,Bank transfer,0,No,No,0,Yes,No,Yes
C1970,47,65.26,3036.59,Month-to-month,Fiber optic,Electronic check,1,No,No,1,No,Yes,Yes
C2851,4,77.73,324.35,One year,DSL,Electronic check,1,No,No,0,No,Yes,No
C3224,29,77.07,2217.58,Month-to-month,Fiber optic,Mailed check,1,Yes,Yes,0,No,Yes,No
C1684,32,74.58,2395.36,Two year,No,Electronic check,2,No,Yes,0,Yes,No,No
C2768,14,86.4,1138.1,Month-to-month,DSL,Credit card,0,No,No,0,No,No,Yes
C3989,50,44.63,2234.14,Month-to-month,DSL,Electronic check,0,No,No,1,Yes,Yes,No
C3084,65,73.7,4855.43,Two year,Fiber optic,Mailed check,0,No,No,0,No,Yes,No
C2180,68,74.86,5055.71,One year,DSL,Credit card,3,No,Yes,0,Yes,No,Yes
C3050,38,61.28,2324.32,Two year,Fiber optic,Electronic check,0,No,Yes,0,No,Yes,No
C1754,26,34.44,892.18,Two year,No,Electronic check,0,No,No,0,Yes,Yes,No
C1508,45,21.39,946.08,Month-to-month,Fiber optic,Credit card,0,Yes,Yes,0,No,Yes,Yes
C3545,20,84.65,1744.65,Two year,Fiber optic,Mailed check,3,Yes,Yes,0,No,Yes,Yes
C3356,40,86.98,3459.62,Month-to-month,Fiber optic,Credit card,0,No,Yes,0,Yes,No,No
C2981,10,74.32,683.11,One year,DSL,Bank transfer,3,No,Yes,0,No,Yes,Yes
C2438,57,60.06,3343.12,Month-to-month,Fiber optic,Credit card,0,Yes,Yes,0,Yes,Yes,Yes
C2445,59,59.44,3456.36,Two year,Fiber optic,Bank transfer,1,No,Yes,0,Yes,Yes,No
C1141,10,40.08,436.74,Month-to-month,No,Bank transfer,2,Yes,Yes,0,Yes,No,Yes
C1864,21,78.9,1611.72,Month-to-month,DSL,Electronic check,0,No,Yes,0,Yes,No,No
C3231,50,49.26,2404.46,Month-to-month,DSL,Electronic check,1,No,Yes,1,Yes,No,Yes
C3322,25,51.83,1287.37,Month-to-month,No,Mailed check,0,No,No,1,Yes,Yes,Yes
C2010,66,53.3,3543.22,Month-to-month,Fiber optic,Bank transfer,0,No,Yes,0,No,Yes,No
C1848,64,68.53,4409.29,One year,Fiber optic,Electronic check,0,Yes,No,1,No,Yes,No
C3559,1,18.57,43.16,Two year,No,Credit card,1,No,No,0,Yes,No,No
C3779,54,64.72,3448.57,Month-to-month,No,Mailed check,1,No,No,0,Yes,No,Yes
C2994,2,83.72,159.7,Month-to-month,Fiber optic,Bank transfer,0,No,No,0,No,No,Yes
C1887,49,82.89,4001.41,Month-to-month,DSL,Bank transfer,0,Yes,Yes,0,Yes,Yes,No
C1117,52,65.93,3430.44,One year,Fiber optic,Mailed check,2,Yes,No,0,No,No,No
C3161,40,45.28,1811.14,Two year,Fiber optic,Mailed check,1,Yes,Yes,0,No,Yes,No
C1545,11,43.69,504.0,One year,DSL,Mailed check,2,Yes,Yes,0,Yes,No,Yes
C2789,40,85.97,3436.15,One year,Fiber optic,Credit card,2,Yes,Yes,1,Yes,Yes,No
C3213,51,50.19,2474.17,Month-to-month,Fiber optic,Credit card,0,No,Yes,1,Yes,No,No
C2976,1,57.57,0.0,Month-to-month,Fiber optic,Electronic check,0,No,No,0,Yes,No,Yes
C3232,11,88.07,972.96,Month-to-month,No,Bank transfer,2,No,Yes,0,No,No,No
C2983,59,38.53,2273.82,One year,DSL,Electronic check,3,Yes,Yes,1,Yes,Yes,No
C2396,30,61.98,1923.37,Month-to-month,DSL,Electronic check,1,No,No,0,Yes,No,No
C1274,68,66.56,4541.88,Two year,Fiber optic,Credit card,0,No,Yes,0,No,Yes,No
C1704,31,65.87,2093.85,Two year,Fiber optic,Electronic check,0,No,No,0,No,No,Yes
C2024,11,69.98,824.26,Month-to-month,DSL,Bank transfer,6,No,No,0,Yes,No,Yes
C2590,29,52.54,1569.28,One year,Fiber optic,Credit card,1,Yes,No,0,No,No,No
C2564,44,81.51,3661.73,Month-to-month,Fiber optic,Electronic check,2,No,No,0,No,Yes,No
C2742,17,73.66,1249.84,Two year,No,Mailed check,0,No,No,0,No,No,No
C1383,33,49.53,1512.69,Month-to-month,Fiber optic,Mailed check,1,No,No,0,No,No,Yes
C2429,6,66.02,335.08,One year,Fiber optic,Electronic check,0,No,No,0,Yes,Yes,No
C3609,56,71.26,3952.46,One year,No,Credit card,2,No,No,0,Yes,No,No
C3910,43,91.75,3911.86,Month-to-month,DSL,Credit card,0,No,No,0,Yes,No,Yes
C2829,22,57.61,1238.26,Two year,No,Mailed check,1,Yes,No,0,No,Yes,No
C1176,33,67.32,2258.09,Month-to-month,Fiber optic,Mailed check,3,No,No,0,Yes,Yes,No
C2359,2,46.5,8.94,One year,No,Electronic check,1,No,Yes,1,No,Yes,Yes
C3427,48,62.8,3077.91,Month-to-month,DSL,Electronic check,0,No,No,0,Yes,No,Yes
C3567,70,98.56,6855.3,Month-to-month,DSL,Credit card,0,No,Yes,0,Yes,Yes,Yes
C1830,27,74.6,2032.39,Month-to-month,No,Bank transfer,1,Yes,Yes,0,Yes,Yes,Yes
C3555,22,57.71,1196.21,Month-to-month,No,Electronic check,0,No,Yes,0,Yes,Yes,No
C2642,28,36.21,972.39,Month-to-month,DSL,Mailed check,1,No,No,0,Yes,Yes,Yes
C3461,21,77.54,1623.27,One year,DSL,Mailed check,1,No,Yes,0,No,No,No
C2633,4,39.6,178.64,Month-to-month,No,Credit card,1,Yes,Yes,0,No,No,Yes
C1622,49,72.99,3568.17,Month-to-month,No,Credit card,1,Yes,No,1,Yes,Yes,No
C3920,58,64.07,3738.57,One year,Fiber optic,Electronic check,0,No,Yes,0,Yes,Yes,No
C1858,23,56.15,1274.65,One year,Fiber optic,Electronic check,2,Yes,No,1,Yes,No,No
C1641,24,93.94,2280.31,Month-to-month,Fiber optic,Mailed check,1,No,Yes,0,No,Yes,Yes
C3306,22,47.96,1074.48,One year,DSL,Credit card,2,Yes,Yes,0,Yes,Yes,No
C1834,63,62.59,3898.67,Month-to-month,DSL,Credit card,1,No,No,0,Yes,Yes,No
C3710,70,75.17,5282.32,Month-to-month,DSL,Electronic check,2,Yes,Yes,0,Yes,Yes,No
C2498,21,15.7,401.28,Month-to-month,Fiber optic,Credit card,0,No,No,0,Yes,No,Yes
C1337,1,87.34,101.61,Month-to-month,No,Credit card,0,Yes,No,1,Yes,No,No
C3446,31,51.51,1620.18,Month-to-month,No,Credit card,2,No,No,0,Yes,Yes,Yes
C2447,42,44.12,1818.72,Two year,DSL,Bank transfer,1,No,Yes,1,No,No,No
C3653,5,39.05,142.05,One year,No,Bank transfer,0,Yes,No,0,No,Yes,Yes
C2964,46,55.58,2595.78,Month-to-month,DSL,Bank transfer,0,No,Yes,0,No,No,Yes
C2684,70,50.14,3442.99,Month-to-month,Fiber optic,Electronic check,4,No,Yes,0,Yes,No,No
C3528,54,93.42,5082.39,Month-to-month,DSL,Electronic check,1,No,Yes,1,Yes,Yes,Yes
C2143,62,56.86,3518.23,One year,Fiber optic,Mailed check,2,No,Yes,0,Yes,Yes,No
C3965,64,82.11,5275.83,Month-to-month,Fiber optic,Bank transfer,0,No,No,0,No,No,No
C2705,66,71.37,4714.94,Month-to-month,DSL,Electronic check,1,Yes,No,0,Yes,Yes,No
C3923,68,103.3,,Month-to-month,DSL,Mailed check,1,Yes,No,0,No,Yes,No
C2738,41,43.56,1766.78,Month-to-month,Fiber optic,Mailed check,0,No,Yes,0,Yes,Yes,No
C3707,33,73.86,2396.79,Month-to-month,Fiber optic,Credit card,0,No,No,0,No,No,No
C1789,39,30.84,1249.8,Month-to-month,No,Mailed check,3,No,No,0,Yes,Yes,No
C3304,44,53.67,2419.44,One year,No,Electronic check,1,No,No,0,Yes,Yes,No
C1968,25,61.49,1687.34,One year,DSL,Bank transfer,1,No,No,0,No,No,No
C2291,20,90.6,1903.21,Month-to-month,Fiber optic,Credit card,1,No,No,0,Yes,Yes,Yes
C2667,5,67.19,300.4,Month-to-month,No,Mailed check,1,No,Yes,1,Yes,Yes,Yes
C2688,33,71.0,2365.28,Two year,Fiber optic,Electronic check,0,No,Yes,0,Yes,Yes,No
C2898,22,91.3,1965.67,Month-to-month,Fiber optic,Mailed check,1,No,Yes,0,No,Yes,Yes
